id,main_id,ra,dec,galdim_majaxis
"PN A66    1","PN A66    1",3.229166666666667,69.17333333333333,0.783
"PN A66    2","PN A66    2",11.394491666666667,57.9596888888889,0.517
"PN A66    3","PN A66    3",33.02776467542,64.15064801706,1.0
"PN A66    4","PN A66    4",41.348548386749165,42.55127544112055,0.333
"PN A66    5","PN A66    5",43.06279583333333,50.59835,2.123
"PN A66    6","PN A66    6",44.674432769984584,64.50174334988388,3.1
"PN A66    7","PN A66    7",75.78138642496,-15.606311337320001,12.733
"PN A66    8","PN A66    8",76.66007749112,39.13574117967999,1.0
"PN A66    9","PN A66    9",82.23625,36.05138888888889,0.617
"PN A66   10","PN K  1-7",82.939575,6.933772222222222,0.333
"PN A66   11","PN A66   11",84.33986234255,8.258134763910002,0.32
"PN A66   12","PN A66   12",90.58352083333334,9.65391388888889,0.617
"PN A66   13","PN A66   13",91.19956666666667,3.943266666666667,2.543
"PN A66   14","PN A66   14",92.78606958434,11.77884012754,0.547
"PN A66   15","PN A66   15",96.75849339642,-25.38047222257,0.567
"PN A66   16","PN A66   16",100.98090868597,61.79018253695,2.35
"PN A66   17","PN A66   17",102.15839648271,-9.5440968699,0.713
"PN A66   18","PN A66   18",104.06107916666667,-2.8855027777777775,1.22
"PN A66   19","PN A66   19",104.98511666666667,14.609436111111112,1.117
"PN A66   20","PN A66   20",110.74030435369,1.7594284733799996,1.117
"PN A66   21","PN A66   21",112.26129027258001,13.24682987644,10.25
"PN A66   22","PN K  1-11",114.03299165266002,2.7076511075900007,1.4
"PN A66   23","PN A66   23",115.82493333333333,-34.75434444444445,0.9
"PN A66   24","PN A66   24",117.90647315719,3.0058769117800006,5.913
"PN A66   25","PN K  1-13",121.6937546267,-2.876439274,2.767
"PN A66   26","PN A66   26",122.25685,-32.673586111111106,0.667
"PN A66   27","PN K  1-1",127.96930416666666,-32.10241388888889,0.723
"PN A66   28","PN A66   28",130.39814568511,58.23010684998,4.467
"PN A66   29","PN A66   29",130.07884024198,-20.91017085962,
"PN A66   30","PN A66   30",131.72276661453,17.87954705405,0.287
"PN A66   31","PN A66   31",133.55485047748,8.8980392975,16.2
"PN A66   32","PN A66   32",139.10333333333332,3.8905555555555553,2.233
"PN A66   33","PN A66   33",144.78809110247,-2.80846861074,4.467
"PN A66   34","PN A66   34",146.39723783146,-13.171065319370001,4.833
"PN A66   35","PN A66   35",193.38660712712,-22.87293600714,12.867
"PN A66   36","PN A66   36",205.17227309606997,-19.88203467884,6.117
"PN A66   37","IC  972",211.10800195247998,-17.2279388701,0.783
"PN A66   38","PN K  1-3",245.82920445325993,-31.749619062549996,1.533
"PN A66   39","PN A66   39",246.89049967631996,27.909297605660004,2.9
"PN A66   40","PN A66   40",252.1438125,-21.014075000000002,0.567
"PN A66   41","PN A66   41",262.25844119045996,-15.217911698599998,0.307
"PN A66   42","PN A66   42",262.87111450628,-8.319421008700001,
"PN A66   43","PN A66   43",268.38448656592,10.6233918771,1.333
"PN A66   44","PN A66   44",277.54684166666664,-16.75731111111111,0.1
"PN A66   45","PN A66   45",277.5642583333333,-11.615952777777776,
"PN A66   46","PN A66   46",277.8274627956499,26.93669743058,1.057
"PN A66   47","PN A66   47",278.84401527705,-0.23086966401999998,
"PN A66   48","PN A66   48",280.69550279009,-3.2214709643299995,0.7
"PN A66   49","PN A66   49",283.36788333333334,-6.479675,
"PN A66   50","NGC  6742",284.83345833333334,48.46534444444445,0.45
"PN A66   51","PN A66   51",285.25580079711995,-18.204256015339997,1.117
"PN A66   52","PN A66   52",286.13472884845004,17.95213521685139,
"PN A66   53","PN A66   53",286.6912916666667,6.397908333333333,0.517
"PN A66   54","PN A66   54",287.16464298447,22.9832049338,0.933
"PN A66   55","PN A66   55",287.6073666666667,-2.33985,0.8
"PN A66   56","PN A66   56",288.2753703053741,2.879808693977222,
"PN A66   57","PN A66   57",289.27356660005,25.62580344644,
"PN A66   58","PN A66   58",289.5853166666667,1.7832277777777776,
"PN A66   59","PN A66   59",289.6666791666667,19.575819444444445,1.433
"PN A66   60","PN A66   60",289.82412779929996,-12.243369065190002,1.233
"PN A66   61","PN A66   61",289.79251136779,46.24777050590999,
"PN A66   62","PN A66   62",293.3245354548713,10.616600495300833,2.683
"PN A66   63","PN A66   63",295.54287357862,17.08734958587,
"PN A66   64","Z 397-5",296.39508,5.56436,0.577
"PN A66   65","PN A66   65",296.64253829593,-23.136935023080003,1.8
"PN A66   66","PN A66   66",299.38126193687,-21.61283597868,4.447
"PN A66   67","PN A66   67",299.61259118176,3.0500026503800006,1.117
"PN A66   68","PN A66   68",300.0441780443387,21.715561238676663,
"PN A66   69","PN A66   69",304.9930958333333,38.4006,0.367
"PN A66   70","PN A66   70",307.88836479172,-7.08834303071,0.7
"PN A66   71","PN A66   71",308.09673333333336,47.34733611111111,2.633
"PN A66   72","PN A66   72",312.50855126813,13.558201504869999,2.123
"PN A66   73","PN A66   73",314.11263333333335,57.43418055555555,1.22
"PN A66   74","PN A66   74",319.2180885512199,24.1475264752,
"PN A66   75","NGC  7076",321.59808333333336,62.892174999999995,0.95
"PN A66   76","IRAS F21274-0301",322.5158,-2.8081000000000005,
"PN A66   77","SH  2-128",323.0412,55.8814,1.21
"PN A66   78","PN A66   78",323.87242344129993,31.695958110030002,1.783
"PN A66   79","PN G102.9-02.3",336.5719476793299,54.82729005508,0.903
"PN A66   80","PN A66   80",338.69003189956,52.4349527839,1.827
"PN A66   81","IC 1454",340.60257999655,80.44201308472,0.567
"PN A66   82","PN G114.0-04.6",356.44895873241,57.06623417784,1.35
"PN A66   83","PN A66   83",356.6946208333333,54.74380277777778,0.78333336
"PN A66   84","PN A66   84",356.93355960171994,51.39921165369,1.583
"PN A66   85","CTB 1",359.8041666666667,62.43666666666666,34.0
"PN A66   86","PN A66   86",0.37905833333333333,70.7083138888889,1.05
