Arp,Name,VT,dim1,dim2,MType,RAJ2000,DEJ2000
333,"NGC 1024",12.1,3.9,1.4,"(R')SA(r)ab",39.80083333333333,10.847222222222221
200,"NGC 1134",12.1,2.5,0.9,"S?",43.42124999999999,13.015277777777776
190,"UGC 02320",15.2,0.5,0.3,"Multiple Sys",42.58291666666666,12.889444444444443
290,"IC 0195",14.3,1.6,0.8,"S0",30.935833333333328,14.708611111111109
290,"IC 0196",14.2,2.8,1.4,"S0-",30.95833333333333,14.73972222222222
258,"UGC 02140A",15.5,0.9,0.2,"SB.0*/",39.78874999999999,18.367499999999996
258,"UGC 02140",15.4,1.7,0.7,"IBS9P",39.77583333333333,18.382777777777775
258,"Hickson 18C",16.1,,,"S?",39.774583333333325,18.388333333333332
258,"Hickson 18D",14.6,,,"S?",39.76916666666666,18.393888888888885
276,"IC 1801",14.8,1.3,0.6,"SBB:",37.049166666666665,19.57333333333333
276,"NGC 0935",12.9,1.7,1.1,"Scd:",37.04541666666666,19.59972222222222
56,"UGC 01432",14.6,0.9,0.6,"Sbc",29.35708333333333,17.217499999999998
78,"NGC 0770",13.9,1.1,0.7,"E3",29.80666666666666,18.95444444444444
78,"NGC 0772",10.3,7.3,4.3,"SA(s)b I +",29.834583333333327,19.006111111111107
31,"IC 0167",13.6,2.9,1.9,"SAB(s)c",27.784166666666664,21.914166666666663
166,"NGC 0751",13.5,1.4,,"E pec",29.38583333333333,33.206111111111106
166,"NGC 0750",12.9,1.7,1.3,"E pec",29.384999999999994,33.209999999999994
70,"UGC 00934",17.0,,," ",20.861666666666665,30.77222222222222
70,"UGC 00934",15.0,1.7,0.6,"S?",20.867916666666662,30.784722222222218
331,"NGC 0388",14.3,0.9,0.8,"E3",16.94625,32.309999999999995
331,"NGC 0384",13.0,1.1,0.9,"E3",16.854166666666664,32.29277777777777
331,"NGC 0385",12.9,1.1,1.0,"LA-*",16.865,32.32111111111111
331,"NGC 0386",14.1,0.9,0.8,"E3",16.88,32.362222222222215
331,"NGC 0382",14.0,0.7,,"E0",16.849166666666665,32.403611111111104
331,"NGC 0383",11.9,1.6,1.4,"SA0-",16.853749999999998,32.412499999999994
331,"NGC 0380",12.5,1.4,1.2,"E2",16.825,32.483888888888885
331,"NGC 0379",12.6,1.4,0.8,"S0",16.815416666666664,32.521388888888886
98,"UGC 01095",15.0,0.3,,"S? C?",23.069999999999997,32.09027777777777
98,"UGC 01095",16.0,1.1,0.5," ",23.035416666666663,32.10361111111111
229,"NGC 0507",14.1,3.1,,"Sa(r)0^0",20.915416666666665,33.256388888888885
229,"NGC 0508",13.5,1.3,,"E0:",20.919166666666662,33.28083333333333
158,"NGC 0523",13.5,2.5,0.7,"Pec",21.331666666666663,34.024722222222216
273,"UGC 01813",15.3,1.5,0.4,"SB",35.385,39.35638888888889
273,"UGC 01810",13.7,2.2,1.5,"S(b)",35.36958333333333,39.375277777777775
135,"NGC 1023",9.3,8.8,3.0,"SB(rs)0-",40.099999999999994,39.062777777777775
145,"ARP 145",13.8,,,"Ring B",35.78333333333333,41.37
145,"ARP 145",17.8,,,"Ring A",35.79749999999999,41.36805555555555
145,"UGC 01840",18.8,1.6,1.3,"Pec Loop",35.785,41.37222222222222
74,"UGC 01626",14.1,1.6,1.5,"(R')SA:pec",32.08875,41.47944444444444
168,"MESSIER 32",9.0,8.8,6.5,"cE2",10.674166666666665,40.86444444444444
210,"NGC 1569",11.0,3.7,1.8,"IBm IV-V",67.70416666666665,64.84805555555555
184,"NGC 1961",11.0,4.6,3.0,"SAB(rs)c II",85.51833333333332,69.37944444444443
213,"IC 0356",10.5,5.3,3.9,"SA(s)ab pec",61.94624999999999,69.81305555555555
137,"NGC 2914",13.2,1.0,0.7,"SB(s)ab",143.51125,10.10861111111111
232,"NGC 2911",11.5,4.1,3.2,"SA(s)0: pec",143.44374999999997,10.152222222222221
307,"NGC 2874",12.5,2.4,0.7,"SB(r)bc",141.44708333333332,11.424444444444443
307,"NGC 2872",11.9,2.1,1.8,"E2",141.42708333333331,11.431944444444444
237,"UGC 05044",16.0,0.4,0.2,"Im",141.93499999999997,12.288055555555554
237,"UGC 05044",15.3,,,"SBd",141.93124999999998,12.287222222222221
89,"NGC 2648",12.7,3.3,1.1,"S1",130.66708333333332,14.285833333333331
94,"NGC 3227",10.3,5.4,3.7,"SAB(s)a pec",155.87749999999997,19.865
94,"NGC 3226",11.4,3.2,2.8,"E2: pec",155.86208333333332,19.89833333333333
316,"NGC 3189",12.0,4.4,1.6,"Sa",154.52541666666664,21.831388888888885
316,"NGC 3193",10.9,3.0,2.7,"E2",154.60416666666666,21.892777777777773
316,"NGC 3187",13.4,3.0,1.3,"SB(s)c pec",154.45,21.873055555555553
167,"NGC 2673",13.3,1.2,,"E0 pec",132.35041666666666,19.074166666666663
167,"NGC 2672",11.6,3.0,2.8,"E1-2",132.34291666666664,19.074999999999996
58,"UGC 04457",14.2,1.8,1.0,"SXT5P",127.99208333333331,19.21333333333333
247,"IC 2338",15.4,0.6,0.5,"SXS6P",125.88583333333331,21.338055555555552
247,"UGC 04383",14.7,,,"DBL SYS",125.88749999999999,21.34333333333333
247,"IC 2339",15.4,1.1,0.6,"SB(s)c pec",125.89333333333332,21.34833333333333
82,"NGC 2536",14.2,0.9,0.6,"SB(rs)c pec",122.81708333333331,25.179166666666664
82,"NGC 2535",12.8,2.5,1.2,"SA(r)c pec I",122.80624999999998,25.207222222222217
287,"NGC 2735",13.3,1.2,0.4,"SAB(rs)b? pec",135.6608333333333,25.934999999999995
287,"NGC 2735A",15.8,0.2,,"Im: pec",135.67416666666665,25.93833333333333
315,"NGC 2831",12.3,1.4,,"E0",139.9395833333333,33.74444444444444
315,"NGC 2832",11.9,2.4,1.9,"E+2",139.945,33.74972222222222
243,"NGC 2623",13.4,2.4,0.7," ",129.60041666666666,25.750277777777775
243,"NGC 2623",,,," ",129.60125,25.75472222222222
243,"NGC 2623",13.4,,,"P: Trip Coll",129.59875,25.75444444444444
12,"NGC 2608",12.2,2.3,1.4,"SB(s)b: II",128.82208333333332,28.47333333333333
202,"NGC 2719A",13.5,0.9,0.6,"Im pec:",135.06624999999997,35.71999999999999
202,"NGC 2719",13.1,1.4,0.3,"Im pec?",135.06416666666664,35.72749999999999
195,"UGC 04653",14.5,1.9,1.1,"SBS3 - Triple",133.45916666666665,35.14333333333333
162,"NGC 3414",10.8,3.6,2.6,"S0 pec",162.81749999999997,27.97472222222222
21,"CGCG 155-056",14.7,0.8,0.7,"Spiral",166.24374999999998,30.02694444444444
267,"UGC 05764",14.7,2.0,1.2,"IB(s)m: V",159.17749999999998,31.547499999999996
107,"UGC 05984",14.6,1.9,1.2,"S?",163.07625,30.067499999999995
107,"UGC 05984",14.6,,," ",163.08874999999998,30.08416666666666
270,"NGC 3396",12.2,3.1,1.2,"IBm pec",162.48333333333332,32.989999999999995
270,"NGC 3395",12.1,2.1,1.2,"SAB(rs)cd pec",162.45749999999998,32.980555555555554
174,"NGC 3068",14.3,0.9,0.8,"S0-",149.66708333333332,28.877499999999998
62,"UGC 06865",,1.2,0.5,"E(c)",178.3995833333333,43.45499999999999
62,"UGC 06865",14.7,,,"SB",178.3995833333333,43.45499999999999
206,"UGC 05983",17.0,0.9,0.7,"Dwarf",163.0708333333333,36.595277777777774
206,"NGC 3432",11.3,6.8,1.5,"SB(s)m  III",163.1308333333333,36.62
148,"MCG+07-23-019",15.4,0.6,0.5,"Ring",166.00041666666664,40.84694444444444
280,"NGC 3769A",14.2,1.1,0.5,"SBm pec III",174.4595833333333,47.881388888888885
280,"NGC 3769",11.8,3.1,1.0,"SB(r)b:",174.43499999999997,47.8911111111111
63,"NGC 2944",16.0,0.2,0.1," ",144.83166666666665,32.30583333333333
63,"NGC 2944",14.0,1.1,0.4,"SB(s)c pec?",144.81958333333333,32.31055555555555
129,"UGC 05146",16.1,0.8,0.4,"SAB0^0^: pec",144.85958333333332,32.364999999999995
129,"UGC 05146",14.0,0.5,,"SB(r)c: pec",144.85166666666666,32.3625
264,"NGC 3104",13.1,3.4,2.3,"IAB(s)m",150.98874999999998,40.756944444444436
215,"NGC 2782",11.7,3.5,2.6,"SAB(rs)a pec",138.52166666666665,40.11416666666666
283,"NGC 2799",14.0,1.9,0.5,"SB(s)m?",139.3795833333333,41.99388888888888
283,"NGC 2798",12.3,2.6,1.0,"SB(s)a pec",139.34499999999997,41.999444444444435
55,"UGC 04881",14.9,1.0,0.9,"Spiral",138.98166666666665,44.332499999999996
55,"UGC 04881",16.6,,,"Spiral",139.00291666666664,44.35222222222222
27,"NGC 3631",10.4,5.0,4.8,"SA(s)c I-II",170.26083333333332,53.1711111111111
322,"UGC 06527",16.4,,,"SB0 pec",173.13625,52.93944444444444
322,"UGC 06527",15.8,,," ",173.15291666666664,52.94749999999999
322,"UGC 06527",17.0,,," ",173.1470833333333,52.947222222222216
322,"UGC 06527",15.0,1.1,0.3,"SB0",173.1675,52.95027777777777
214,"NGC 3718",10.7,8.2,4.0,"SB(s)a pec",173.1483333333333,53.06638888888888
234,"NGC 3738",11.9,2.5,1.9,"Im III-IV",173.95166666666665,54.524444444444434
224,"NGC 3921",12.4,2.1,1.3,"(R')SA(s)0/a",177.77749999999997,55.07916666666666
155,"ARP 155",,,," ",170.9033333333333,53.82527777777777
155,"ARP 155",,,," ",170.90874999999997,53.83416666666666
155,"NGC 3656",12.5,1.6,1.6,"(R')IO:pec",170.90999999999997,53.84166666666666
151,"MRK 0040",16.8,1.3,0.2,"S0 pec",171.40041666666664,54.38249999999999
217,"NGC 3310",10.8,3.1,2.4,"SAB(r)bc pec",159.6920833333333,53.50194444444444
205,"NGC 3448",12.0,5.7,1.8,"I0",163.66249999999997,54.30638888888888
233,"UGC 05720",13.4,1.0,0.9,"Im pec",158.1333333333333,54.400833333333324
24,"UGC 06021",12.8,0.5,0.1,"IRR",163.68916666666664,56.96666666666666
24,"NGC 3445",12.6,1.6,1.5,"SAB(s)m",163.65166666666664,56.99083333333333
299,"IC 0694",11.3,1.2,1.0,"SBm? pec",172.1558333333333,58.55777777777777
299,"NGC 3690",11.5,2.1,1.6,"IBm pec",172.13916666666665,58.56305555555555
296,"MCG+10-17-5",15.7,0.7,0.4,"Multigalaxy",172.20541666666665,58.59055555555555
299,"MCG+10-17-2A",,0.3,0.2," ",172.11874999999998,58.57583333333333
250,"IRAS F07327+3529",15.0,,," ",113.99874999999999,35.3811111111111
143,"NGC 2445",13.3,1.4,1.1,"Ring B",116.72791666666664,39.01694444444444
143,"NGC 2444",13.2,1.2,0.8,"Ring A",116.72083333333332,39.03194444444444
6,"NGC 2537",12.3,1.7,1.5,"SB(s)m pec",123.31083333333332,45.9911111111111
285,"NGC 2854",13.0,1.7,0.6,"SB(s)b",141.01208333333332,49.20388888888888
285,"NGC 2856",13.1,1.1,0.5,"S?",141.06791666666663,49.24833333333333
1,"NGC 2857",12.2,2.3,2.0,"SA(s)c I-II",141.15666666666664,49.35666666666666
336,"NGC 2685",11.2,4.5,2.4,"(R)SB0+ pec",133.89666666666665,58.7336111111111
329,"UGC 06514",16.6,,,"E pec",173.02291666666665,70.80638888888888
329,"UGC 06514",17.4,,,"SBa pec:",173.02374999999998,70.81083333333332
329,"UGC 06514",15.9,,,"SA0 pec",173.02874999999997,70.81527777777777
329,"UGC 06514",18.0,,,"s?",173.03166666666664,70.81888888888888
329,"UGC 06514",17.6,,,"S0pec",173.02874999999997,70.82138888888888
300,"UGC 05028",13.9,0.7,0.4,"SB(s)dm pec",141.95916666666665,68.41305555555554
300,"UGC 05029",13.4,1.6,1.0,"Sc",142.01041666666666,68.42138888888888
337,"MESSIER 82",8.4,11.4,4.3,"I0",148.96499999999997,69.67944444444443
268,"Holmberg II",10.7,8.0,6.3,"Im IV-V",124.77499999999998,70.71416666666666
141,"UGC 03730",16.9,,,"Ring",108.61166666666665,73.48138888888887
141,"UGC 03730",12.5,2.8,1.5,"Ring",108.58708333333333,73.48083333333332
9,"NGC 2523",11.9,3.0,1.8,"SB(r)bc I",123.74708333333332,73.58027777777777
80,"NGC 2633",12.2,2.5,1.6,"SB(s)b I-II",132.02749999999997,74.09944444444443
156,"UGC 05814",15.0,1.3,0.7,"Peclr",160.6583333333333,77.49444444444444
207,"UGC 05050",15.4,1.2,0.2,"S?",142.7783333333333,76.46555555555554
181,"NGC 3215",13.0,1.1,1.1,"S?",157.17416666666665,79.81333333333332
181,"NGC 3212",13.1,1.6,1.1,"SB?",157.06874999999997,79.82333333333332
17,"UGC 03972",,1.1,0.6," ",116.16041666666665,73.81388888888888
17,"UGC 03972",14.7,0.9,0.6,"SB",116.13624999999999,73.83055555555555
225,"NGC 2655",10.1,4.9,4.1,"SAB(s)0/a",133.91166666666666,78.22444444444443
114,"NGC 2300",12.1,2.8,2.0,"SA0",113.08333333333331,85.7086111111111
25,"NGC 2276",11.4,2.8,2.7,"SAB(rs)c",111.80416666666665,85.75555555555555
96,"UGC 03536A",14.8,0.9,,"DBL SYS",105.84291666666665,86.55777777777777
96,"UGC 03528A",14.8,0.8,0.6,"DBL SYS",105.75291666666665,86.60333333333332
274,"NGC 5679",13.0,1.1,0.6,"Sb",218.77416666666664,5.3486111111111105
274,"NGC 5679C",15.0,0.2,0.1," ",218.7858333333333,5.357499999999999
274,"NGC 5679A",13.5,1.2,0.7,"Sb",218.78499999999997,5.359722222222222
49,"NGC 5665",12.0,1.9,1.4,"SAB(rs)c pec?",218.10624999999996,8.079444444444443
173,"UGC 09561",,,," ",222.86624999999998,9.321944444444442
173,"UGC 09561",14.9,1.2,0.2,"Pec",222.85916666666662,9.328333333333331
101,"UGC 10164",15.5,1.1,0.9,"E?",241.10124999999996,14.780833333333332
101,"UGC 10169",14.7,2.1,0.4,"S0 pec",241.13166666666663,14.818888888888887
91,"NGC 5953",12.1,1.6,1.4,"SAa: pec",233.6345833333333,15.194999999999999
91,"NGC 5954",12.1,1.3,0.6,"SAB(rs)cd pec",233.64499999999995,15.203333333333331
72,"NGC 5994",14.2,0.4,0.2,"SB?",236.72166666666664,17.8725
72,"NGC 5996",12.8,1.8,0.9,"S?",236.74541666666664,17.885555555555552
324,"UGC 10143C",15.5,0.8,0.5,"Spiral",240.5370833333333,15.888055555555553
324,"UGC 10143",15.2,,,"E3",240.5533333333333,15.90722222222222
324,"ARP 324",15.3,,," ",240.5420833333333,15.916388888888887
324,"UGC 10143B",15.1,0.6,0.4,"SAB(r)ab",240.55541666666664,15.93722222222222
324,"ARP 324",,1.7,1.0," ",240.56291666666664,15.949444444444442
324,"UGC 10143A",14.2,,,"E+",240.5708333333333,15.974166666666664
172,"IC 1181",15.9,0.8,0.7,"SAB(rs)0/a",241.38999999999996,17.591666666666665
172,"IC 1178",15.2,1.1,0.9,"S0- pec?",241.38749999999996,17.601388888888888
71,"NGC 6045",13.9,1.3,0.3,"SB(s)c",241.28249999999997,17.757499999999997
122,"NGC 6040B",14.9,0.8,,"SA0+ pec",241.1095833333333,17.743611111111107
122,"NGC 6040A",13.6,1.4,0.5,"SAB(s)c",241.11166666666662,17.750555555555554
272,"NGC 6054",15.2,0.7,0.4,"(R')SAB(s)b",241.3770833333333,17.769166666666663
218,"CGCG 107-052",15.4,0.9,0.5,"SAB(s)bc",238.38541666666663,18.602777777777774
218,"ARP 218 18.0",,0.9,0.5," ",238.38541666666663,18.602777777777774
218,"ARP 218",,1.1,0.8," ",238.40374999999997,18.60972222222222
209,"NGC 6052",13.0,0.9,0.7,"Sc",241.30249999999998,20.542499999999997
220,"IC 4554",13.1,1.8,,"S?",233.73874999999995,23.501388888888886
220,"IC 1127",,,," ",233.73874999999995,23.50305555555555
220,"IC 4553",13.1,1.5,1.2,"S?",233.73791666666662,23.50444444444444
79,"NGC 5490C",13.9,1.2,0.8,"SB(s)bc",212.52916666666664,17.615277777777774
117,"IC 0982",14.6,1.3,,"LA +",212.4958333333333,17.696111111111108
117,"IC 0983",14.3,5.4,4.7,"SBR4",212.51791666666665,17.73361111111111
47,"CGCG 105-026",16.6,,," ",221.80208333333331,18.859166666666663
47,"ARP 047",15.0,0.8,0.4," ",221.80208333333331,18.85833333333333
328,"UGC 09532",15.8,,,"S0?",221.98374999999996,19.025555555555552
328,"UGC 09532",16.1,0.3,0.3,"E2",221.98708333333332,19.04472222222222
328,"UGC 09532",18.6,,,"S0",221.97916666666663,19.047499999999996
328,"UGC 09532",18.6,0.3,0.1,"Scd",221.97999999999996,19.05111111111111
328,"UGC 09532",16.0,0.2,0.2,"SB0",221.98249999999996,19.056666666666665
328,"UGC 09532",16.1,0.6,0.2,"S0",221.9783333333333,19.060277777777774
328,"UGC 09532",16.1,0.5,0.1,"S0?",221.97249999999997,19.076944444444443
64,"UGC 09503",15.0,1.5,0.4,"Triple",221.35791666666663,19.46472222222222
42,"NGC 5829",13.3,1.8,1.6,"SA(s)c I-II",225.67541666666665,23.332499999999996
42,"IC 4526",15.5,0.4,0.4," ",225.6595833333333,23.348888888888887
177,"MCG+04-35-017",17.3,0.2,0.2," ",223.9520833333333,24.598611111111108
177,"MCG+04-35-016",18.0,0.4,0.1,"S",223.9520833333333,24.598611111111108
302,"UGC 09618",15.3,0.9,0.2,"Sc",224.2520833333333,24.60555555555555
302,"UGC 09618",14.6,0.7,0.7,"(Sb)",224.25416666666663,24.616944444444442
95,"MCG+5-34-76",15.8,0.4,0.2,"S",218.72874999999996,26.498611111111106
95,"IC 4461",15.2,1.3,0.7,"SB",218.75791666666663,26.543888888888887
95,"IC 4462",16.0,0.3,0.3,"E",218.76749999999996,26.540833333333328
241,"UGC 09425",15.0,1.1,0.6,"S? (pair)",219.46166666666664,30.481388888888883
125,"UGC 10491",13.6,1.1,0.4,"Ring B",249.55749999999998,41.930833333333325
125,"UGC 10491",15.5,,,"Ring A",249.55749999999998,41.93861111111111
102,"UGC 10814A",15.5,0.9,0.7,"Sc irr",259.80999999999995,48.98027777777777
102,"UGC 10814B",14.9,0.9,0.6,"Sb",259.8383333333333,49.040277777777774
102,"MCG+08-31-042",14.9,0.7,0.4,"I",259.8745833333333,49.05027777777777
2,"UGC 10310",13.2,2.8,2.2,"SB(s)m IV-V",244.0758333333333,47.046388888888885
90,"NGC 5929",13.6,1.0,0.9,"SAB(s)bc I-II",231.52541666666664,41.67055555555555
90,"NGC 5930",12.2,1.7,0.9,"Sab: pec",231.53291666666664,41.67583333333333
73,"IC 1222",13.5,1.7,1.4,"SXS5",248.7870833333333,46.21388888888888
103,"UGC 10586",14.6,1.4,,"S0 pec",252.3583333333333,45.45833333333333
103,"UGC 10586",15.2,0.4,,"SAB(rs)0+ pec",252.36791666666664,45.461388888888884
103,"UGC 10586",14.6,0.4,,"Sa",252.38791666666663,45.49805555555555
312,"ARP 312",,,," ",252.45916666666662,46.71388888888888
312,"MCG+08-31-004",14.1,1.1,0.9,"S",252.45166666666663,46.71805555555555
208,"MCG+08-31-010",14.8,0.4,0.3," ",252.76166666666663,47.220833333333324
208,"MCG+08-31-011",15.0,0.4,0.3,"S",252.75541666666663,47.223611111111104
66,"UGC 10396",14.6,1.2,0.7,"S4",246.72041666666664,51.55555555555555
330,"I Zw 167",,6.1,,"6 galaxy chain",252.28291666666664,53.43138888888888
32,"UGC 10770A",14.4,,,"I9P",258.28166666666664,59.32305555555555
32,"UGC 10770B",14.3,1.2,0.6," ",258.2945833333333,59.33277777777777
311,"IC 1260",15.7,,," ",261.8816666666666,58.47583333333333
311,"KAZ 140",15.8,0.6,0.5," ",261.8820833333333,58.47583333333333
311,"IC 1258",14.4,0.9,0.7,"Sab?",261.8225,58.48555555555555
310,"IC 1259",15.0,,,"S0 pec",261.8608333333333,58.515833333333326
310,"IC 1259",15.0,,,"S?",261.85375,58.51666666666666
293,"NGC 6286",13.3,1.3,1.2,"Sb: pec",254.6308333333333,58.936944444444435
293,"NGC 6285",13.5,1.3,0.7,"S0+? pec",254.5995833333333,58.955833333333324
124,"NGC 6361",13.1,2.2,0.6,"SAb: sp I-II",259.66999999999996,60.606666666666655
30,"NGC 6365A",13.8,1.1,0.2,"SBcd:",260.68041666666664,62.165833333333325
30,"NGC 6365",12.2,1.3,,"Sdm",260.67875,62.17416666666666
60,"ARP 060",16.3,,,"Spiral",198.6970833333333,26.08583333333333
196,"ARP 196",18.8,,,"Ring with",198.64749999999998,26.11916666666666
196,"ARP 196",16.0,,,"Sep nuc",198.65624999999997,26.123888888888885
139,"MCG+05-31-135",15.8,1.0,0.3," ",196.85041666666663,26.716388888888886
139,"MCG+05-31-135",16.3,1.0,0.3," ",196.86541666666665,26.72333333333333
183,"UGC 08560",14.6,1.3,1.2,"S3",203.72999999999996,31.392499999999995
36,"UGC 08548",15.0,1.3,0.6,"SB?",203.5620833333333,31.425277777777772
334,"UGC 08498",13.6,2.8,1.0,"S3",202.60749999999996,31.620277777777773
193,"IC 0883",14.4,1.6,1.1,"Im: pec",200.1470833333333,34.13916666666666
40,"IC 4271",15.0,0.8,0.5,"Pair",202.33499999999998,37.40861111111111
178,"NGC 5614",11.7,2.5,2.0,"SA(r)ab pec",216.03124999999997,34.85861111111111
178,"NGC 5615",14.5,0.2,0.2," ",216.02666666666664,34.87416666666666
178,"NGC 5613",13.7,1.0,0.8,"(R)SAB(r)0+",216.0245833333333,34.892222222222216
69,"NGC 5579",13.6,1.9,1.4,"SABcd 110",215.10999999999996,35.18861111111111
111,"MCG+06-31-046",17.0,0.4,0.3,"SB",210.42124999999996,33.82583333333333
111,"NGC 5421",13.4,1.2,0.9,"SB?",210.4195833333333,33.82916666666666
199,"NGC 5544",13.4,1.0,,"(R)SB(rs)0/a",214.25999999999996,36.572222222222216
199,"NGC 5545",15.2,1.3,0.4,"SA9s)bc:",214.27041666666665,36.57472222222222
297,"NGC 5752",15.3,0.5,0.2,"S0",221.30916666666664,38.72888888888888
297,"NGC 5754",13.1,2.0,1.8,"SB(rs)b",221.33124999999998,38.73138888888889
297,"NGC 5755",14.1,1.3,1.0,"SB?",221.34999999999997,38.78027777777777
297,"NGC 5753",14.8,0.4,0.4," ",221.3283333333333,38.805833333333325
84,"NGC 5395",11.4,2.9,1.6,"SA(s)b pec",209.6595833333333,37.42555555555555
84,"NGC 5394",13.0,1.8,1.0,"SB(s)b pec",209.64124999999996,37.45361111111111
242,"NGC 4676B",13.2,2.2,0.8,"SB(s)0/a pec",191.54666666666665,30.72444444444444
242,"NGC 4676A",13.0,2.3,0.7,"S0 pec?",191.5420833333333,30.73333333333333
281,"NGC 4631",9.3,15.5,2.7,"SB(s)d III",190.52416666666664,32.53944444444444
281,"NGC 4627",12.3,2.6,1.8,"E4 pec",190.4983333333333,32.573611111111106
266,"NGC 4861",12.3,4.0,1.5,"SB(s)m:",194.7570833333333,34.86083333333333
265,"IC 3862",16.0,1.3,0.6," ",193.47166666666664,36.08611111111111
211,"MCG+07-26-033",17.0,0.4,0.4," ",189.33041666666665,38.724999999999994
211,"MCG+07-26-034",16.0,0.6,0.6," ",189.33041666666665,38.724999999999994
23,"NGC 4618",10.8,4.2,3.4,"SB(rs)m",190.38499999999996,41.15055555555555
269,"NGC 4490",9.8,6.4,3.1,"SB(s)0+? sp",187.6533333333333,41.63972222222222
269,"NGC 4485",12.0,2.3,1.6,"IB(s)m pec",187.62999999999997,41.69944444444444
18,"NGC 4088",10.5,5.8,2.3,"SAB(rs)bc",181.3970833333333,50.54194444444444
85,"MESSIER 51A",8.4,11.4,7.0,"SA(s)bc pec",202.46791666666664,47.19833333333332
85,"MESSIER 51B",9.6,5.8,4.6,"I0 pec",202.49416666666664,47.26777777777777
239,"NGC 5279",14.2,0.6,0.4,"SB(s)a pec",205.4320833333333,55.67277777777777
239,"NGC 5278",12.7,1.4,1.0,"SA(s)b? pec",205.4158333333333,55.66972222222221
160,"NGC 4194",12.5,1.8,1.1,"IBm pec",183.5420833333333,54.52777777777777
136,"NGC 5820",12.5,1.7,1.1,"S0",224.66624999999996,53.886111111111106
45,"UGC 09178",15.5,1.1,0.5,"Double System",214.96249999999998,51.90444444444444
45,"UGC 09178",15.4,0.7,0.3,"SB?",214.86249999999998,51.92083333333333
26,"MESSIER 101",7.9,28.9,27.0,"SAB(rs)cd I",210.80291666666665,54.350555555555545
188,"UGC 10214",14.4,3.6,0.8,"SBS5P",241.51416666666663,55.42166666666666
109,"UGC 10053",15.0,1.2,0.7," ",236.96124999999998,69.46944444444443
109,"UGC 10053",15.2,0.5,0.4," ",237.0320833333333,69.45916666666666
38,"NGC 6412",11.7,2.5,2.2,"SAS5",262.4008333333333,75.70472222222222
104,"NGC 5216",12.6,2.5,1.5,"E0 pec",203.03249999999997,62.70083333333332
104,"NGC 5218",12.3,1.8,1.3,"SB(s)b? pec",203.04541666666663,62.76749999999999
238,"UGC 08335",15.0,0.9,0.8,"Sc",198.89666666666665,62.12388888888888
238,"UGC 08335",15.0,,,"Sc",198.87249999999997,62.12833333333332
185,"NGC 6217",11.2,3.0,2.5,"(R)SB(rs)bc",248.16666666666663,78.19916666666666
204,"UGC 08454",16.4,0.8,0.3," ",200.69124999999997,84.49944444444444
204,"UGC 08454",16.0,,,"Double System",200.70666666666665,84.50666666666666
278,"NGC 7253B",14.2,1.6,0.5,"S?",334.8708333333333,29.386388888888884
278,"NGC 7253A",13.6,1.7,0.5,"SB?",334.8591666666666,29.39805555555555
319,"NGC 7320",12.6,2.2,1.1,"SA(s)d",339.0170833333333,33.94472222222222
319,"NGC 7319",13.1,1.7,1.3,"SB(s)bc pec",339.0145833333333,33.97583333333333
319,"NGC 7317",13.6,1.1,1.1,"E4",338.96624999999995,33.94472222222222
319,"NGC 7318A",13.4,0.9,,"E2 pec",338.9862499999999,33.965555555555554
319,"NGC 7318B",13.4,1.9,1.2,"E2",338.9933333333333,33.966111111111104
29,"NGC 6946",8.8,11.6,9.9,"SAB(rs)cd",308.7175,60.15388888888888
81,"NGC 6622",15.3,0.5,0.4," ",273.25041666666664,68.35333333333332
81,"NGC 6621",12.8,2.1,0.8,"Sb: pec",273.22749999999996,68.36388888888888
236,"IC 1623B",15.5,0.7,0.6," ",16.956666666666663,-17.505
236,"IC 1623A",14.3,0.5,0.4,"S pec",16.94833333333333,-17.506666666666664
251,"VV 674",15.5,0.9,0.4,"Triple",13.445416666666665,-13.861111111111109
230,"IC 0051",13.0,1.4,1.2,"SO pec?",11.600833333333332,-13.44222222222222
110,"MCG-03-58-011",15.9,0.7,0.6,"S",343.53666666666663,-15.23722222222222
51,"MGC-02-01-24",15.0,0.8,," ",1.5699999999999998,-13.448055555555554
144,"NGC 7829",14.6,0.7,,"Ring B pec",1.6208333333333331,-13.42083333333333
144,"NGC 7828",14.4,0.9,0.5,"Ring A",1.6129166666666663,-13.416111111111109
50,"IC 1520",14.0,0.5,0.5," ",359.4916666666666,-14.029999999999998
100,"IC 0019",15.0,0.8,0.5," ",7.164583333333332,-11.640833333333331
100,"IC 0018",15.0,1.5,0.8," ",7.158749999999999,-11.57361111111111
127,"IC 1563",14.2,0.7,0.4,"I 0",9.750416666666665,-9.014444444444443
127,"NGC 0191",12.5,1.5,1.2,"SAB(rs)C:pec",9.746666666666666,-9.001944444444444
256,"MCG-02-01-51",14.8,1.1,0.6,"SB(S)c pec",4.712083333333332,-10.376944444444444
256,"VV 352",,,," ",4.714166666666666,-10.375833333333333
256,"MCG-02-01-52",13.6,1.1,0.8,"SB(S)c pec",4.708333333333333,-10.361666666666665
222,"NGC 7727",10.6,4.7,3.6,"SAB:(s?)0/a p",354.9758333333333,-12.291944444444443
146,"ARP 146",,0.7,0.6,"Ring A",1.6866666666666663,-6.6372222222222215
146,"VV 790",,,,"Pec",1.6849999999999998,-6.63611111111111
146,"ARP 146",,0.7,0.6,"Ring A",1.6833333333333331,-6.635277777777777
4,"MCG-02-05-50 +A",13.7,2.8,2.4,"IAB(rs)m",27.106666666666662,-12.381944444444443
318,"NGC 0839",13.1,1.5,0.7,"I0? pec",32.428749999999994,-10.183888888888887
318,"NGC 0838",13.4,1.2,0.9,"SA?(rs)0^0:",32.41,-10.146666666666665
318,"NGC 0835",12.1,1.3,1.1,"SAB(r)ab:pec",32.35249999999999,-10.135833333333332
318,"NGC 0833",12.7,1.5,0.7,"SAB(rs)c",32.335833333333326,-10.133055555555554
59,"NGC 0341B",14.7,0.3,0.2," ",15.19833333333333,-9.187499999999998
59,"NGC 0341A",14.5,1.1,,"SAB(r)bc II",15.190416666666664,-9.185555555555554
133,"NGC 0541",12.1,1.8,1.8,"E0 or S0-",21.434166666666663,-1.379722222222222
308,"NGC 0547",12.2,1.3,,"E1",21.502499999999998,-1.3455555555555554
308,"NGC 0545",12.2,2.4,1.6,"E+3",21.496666666666663,-1.3402777777777777
54,"MCG-01-07-007",15.0,1.0,0.6,"S? + PGC 9107",36.00749999999999,-4.693888888888888
54,"PGC 9107",17.1,0.5,0.3," ",35.996249999999996,-4.696666666666666
118,"NGC 1144",12.9,,,"Im pec/Ring B",43.79624999999999,-0.17694444444444443
118,"NGC 1143",13.2,,,"SAB0-:pec/Rng",43.79041666666666,-0.17777777777777776
37,"MESSIER 77",8.9,7.1,6.1,"(R)SAB(rs)ab",40.66958333333333,-0.013055555555555553
75,"NGC 0702",11.9,1.6,1.2,"SAB(s)b: pec",27.826249999999995,-4.055833333333333
126,"UGC 01449",13.9,0.4,0.3,"SBm pec",29.52333333333333,3.0849999999999995
126,"UGC 01449",14.5,1.2,0.7,"Pec?",29.522499999999997,3.1013888888888883
10,"UGC 01775",13.8,1.5,1.5,"S?",34.609583333333326,5.653888888888888
140,"NGC 0275",12.5,1.6,1.1,"S pec",12.769166666666665,-7.063333333333333
140,"NGC 0274",13.0,1.5,,"SAB(r:)0^0^ p",12.757083333333332,-7.056666666666666
121,"MCG-01-03-052",14.5,0.9,0.7,"Disrupted",14.847083333333332,-4.813888888888888
121,"MCG-01-03-051",14.5,2.1,0.6,"Sa pec sp",14.847916666666665,-4.804166666666666
19,"NGC 0145",13.2,1.8,1.3,"SB(s)dm",7.937499999999999,-5.153333333333332
231,"IC 1575",14.5,,," ",10.888749999999998,-4.118055555555555
8,"NGC 0497",13.0,2.1,0.9,"SB(r)b I-II",20.596666666666664,-0.8747222222222221
67,"UGC 00892",14.0,1.6,1.5,"SB(r)ab",20.319999999999997,-0.5449999999999999
35,"UGC 00212",15.5,,,"SP",5.5891666666666655,-1.3463888888888886
35,"UGC 00212",15.0,1.5,0.7,"SB",5.595833333333332,-1.3036111111111108
201,"UGC 00224",16.0,,," ",5.907083333333333,-0.5097222222222222
201,"UGC 00224",16.0,0.5,0.3,"Disrupted",5.890416666666666,-0.48944444444444435
306,"UGC 01102",,,,"condensation",23.123749999999998,4.589999999999999
306,"UGC 01102",14.6,1.3,1.1,"S?",23.121249999999996,4.595833333333332
306,"UGC 01105",14.5,0.9,0.6,"Im",23.174166666666665,4.64
227,"NGC 0474",11.5,7.1,6.3,"(R')SAB0^0 pec",20.027916666666663,3.416944444444444
227,"NGC 0470",11.9,2.8,1.8,"SA(r)b pec II",19.93958333333333,3.4102777777777775
157,"NGC 0520",11.5,4.5,1.8,"S pec, Pair",21.146666666666665,3.7936111111111104
164,"NGC 0455",12.6,2.0,1.2,"S?",18.98833333333333,5.177777777777777
228,"IC 0162",13.7,1.6,,"S0 -conc rings",27.222499999999997,10.521666666666665
48,"CGCG 436-026",15.7,,,"Pair",19.985833333333332,12.345555555555555
119,"UGC 00849",14.7,,,"Sdm:",19.850416666666664,12.446944444444442
119,"UGC 00849",14.9,,,"E?",19.85208333333333,12.461944444444443
88,"VV 445",,,,"Spiral",19.77333333333333,12.479166666666664
128,"UGC 00827",15.4,0.7,0.2,"DBL SYS",19.351666666666663,14.696666666666665
128,"UGC 00827",16.8,,," ",19.37208333333333,14.702499999999999
11,"UGC 00717",14.4,1.5,1.0,"SBb",17.346249999999998,14.336666666666664
15,"NGC 7393",12.6,2.0,0.9,"SAB?(r:)b?",342.91374999999994,-5.557777777777777
3,"MCG-01-57-016",13.4,2.5,2.1,"SA(s)m",339.1416666666666,-2.905277777777777
223,"NGC 7585",11.4,2.3,2.0,"SA?0^0 pec",349.50874999999996,-4.648888888888888
314,"MCG-01-58-011",16.0,1.1,0.9,"(R')SB(s)dm p",344.5458333333333,-3.8152777777777773
314,"MCG-01-58-010",13.8,1.3,1.1,"SB(rs)cd: pec",344.52916666666664,-3.7897222222222218
314,"MCG-01-58-009",13.7,1.1,0.9,"(R')SA(s)bc:",344.5041666666666,-3.7688888888888883
295,"MCG-01-60-021",14.5,1.9,0.3,"Sc",355.4495833333333,-3.6769444444444437
295,"ARP 295",14.6,0.9,0.5,"Sb pec",355.5170833333333,-3.5891666666666664
323,"NGC 7783B",14.0,0.4,0.3,"S0",358.54999999999995,0.3772222222222222
323,"NGC 7783",13.0,1.3,0.6,"S0^0: sp",358.54166666666663,0.3827777777777777
92,"NGC 7603",13.2,1.6,1.0,"SA(rs)0+: pec",349.7358333333333,0.24388888888888885
284,"NGC 7714",12.5,1.9,1.4,"SB:(s)b? pec",354.05875,2.155
284,"NGC 7715",14.2,2.6,0.5,"Sa? pec sp",354.09166666666664,2.1566666666666663
216,"NGC 7679",12.9,1.4,0.9,"(R':)Sc? pec",352.19499999999994,3.5113888888888884
216,"NGC 7682",13.2,1.2,1.1,"SB(r)a: pec",352.26624999999996,3.5333333333333328
298,"NGC 7469",12.3,1.5,1.1,"(R')SAB(rs)a",345.81499999999994,8.873888888888887
298,"IC 5283",13.8,0.8,0.4,"SA(r)cd pec?",345.8254166666666,8.893333333333333
169,"NGC 7237",13.6,0.7,0.7,"SA0-",333.69541666666663,13.840555555555554
169,"NGC 7236",13.0,0.7,0.7,"SA0-",333.68749999999994,13.846111111111108
68,"NGC 7757",12.7,2.5,1.8,"SAB(rs)c",357.18791666666664,4.173333333333333
246,"NGC 7838",14.3,0.7,0.3," ",1.72375,8.35
246,"NGC 7837",14.4,0.4,0.2," ",1.7141666666666664,8.351388888888888
182,"UGC 12608",13.6,0.2,0.2,"SBb",351.99499999999995,8.782777777777776
182,"NGC 7674",13.2,1.1,1.0,"SA(r)bc pec",351.9862499999999,8.779166666666665
150,"NGC 7609A",15.0,,,"Sc irr",349.8791666666666,9.502777777777776
150,"NGC 7609",14.1,1.3,1.1,"Pec",349.8745833333333,9.508055555555554
235,"NGC 0014",12.7,2.8,2.1,"(R)IB(S)m pec",2.1925,15.815555555555553
130,"IC 5378",15.3,,,"E",0.6574999999999999,16.64361111111111
130,"IC 5378",15.6,0.5,,"SBc",0.6570833333333332,16.65222222222222
262,"MCG+03-01-003",14.6,0.5,0.4,"S",359.18249999999995,16.807499999999997
262,"UGC 12856",13.2,2.4,,"IB(s)m",359.1870833333333,16.812499999999996
65,"NGC 0091",13.7,2.2,,"SAB(S)c pec I",5.465416666666666,22.400277777777774
282,"IC 1559",14.0,0.8,0.5,"SAB pec:",9.2175,23.984444444444442
282,"NGC 0169",12.4,2.7,0.7,"SA(s)ab: sp",9.216666666666665,23.991666666666664
13,"NGC 7448",11.6,2.7,1.2,"SA(rs)bc",345.00999999999993,15.989444444444443
212,"NGC 7625",12.1,1.6,1.5,"SA(rs)a pec",350.12499999999994,17.22555555555555
170,"NGC 7578A",13.8,1.4,,"S0^0 pec",349.29958333333326,18.700833333333332
170,"NGC 7578B",13.8,1.1,,"E1",349.3058333333333,18.707777777777775
99,"NGC 7547",13.7,1.1,0.5,"(R')SAB(s)0/a:",348.76499999999993,18.973055555555554
99,"NGC 7550",12.2,1.4,1.2,"SA0-",348.8166666666666,18.961388888888887
99,"NGC 7549",13.0,2.8,0.7,"SB(s)cd pec",348.8216666666666,19.041666666666664
28,"NGC 7678",11.8,2.4,1.7,"SAB(rs)c I-II",352.1158333333333,22.42111111111111
249,"UGC 12891",16.2,1.3,0.5," ",0.08999999999999998,22.994999999999997
249,"UGC 12891",16.2,,," ",0.08041666666666665,22.990555555555552
113,"NGC 0070",14.5,1.4,1.2,"SA(rs)c III",4.593333333333333,30.080555555555552
86,"NGC 7752",14.3,0.8,0.5,"I0:",356.74375,29.458888888888886
86,"NGC 7753",12.0,3.3,2.1,"SAB(rs)bc I",356.7695833333333,29.483611111111106
46,"UGC 12665",15.0,1.2,0.9,"SBT7P",353.42124999999993,30.04305555555555
112,"NGC 7805",13.3,1.2,0.9,"SAB0^0: pec",0.36208333333333326,31.433888888888884
112,"NGC 7806",13.5,1.1,0.8,"SA(rs)bc? pec",0.3758333333333333,31.442499999999995
123,"NGC 1889",13.3,0.7,0.5,"SAB?(r:)0",80.64708333333333,-11.496944444444443
123,"NGC 1888",12.0,3.0,0.8,"Sb: pec sp",80.63458333333332,-11.495
165,"NGC 2418",12.2,1.8,,"E",114.15749999999998,17.884999999999998
187,"MCG-02-13-040A",15.0,0.9,0.4," ",76.22083333333332,-10.247777777777776
186,"NGC 1614",13.6,1.3,1.2,"SB(s)c pec",68.49916666666665,-8.578888888888887
61,"UGC 03104",15.1,1.0,0.5,"Sa",69.175,-2.286944444444444
180,"MCG-01-13-034",14.8,1.1,0.5,"S",73.34291666666665,-4.8022222222222215
259,"NGC 1741",15.6,,," ",75.41125,-4.259444444444444
259,"NGC 1741",15.2,,," ",75.3975,-4.263888888888888
259,"NGC 1741",13.3,1.4,0.7,"Pec Inter Sys",75.40749999999998,-4.257777777777777
259,"NGC 1741",18.5,,," ",75.3975,-4.256666666666666
52,"CGCG 421-027",15.6,,," ",79.93333333333332,3.7169444444444437
327,"MCG+01-14-031",17.4,,,"SA0-",80.45791666666666,6.676666666666666
327,"MCG+01-14-031",17.1,,,"SBd",80.45374999999999,6.681944444444444
327,"MCG+01-14-031",18.3,,,"S0",80.44874999999999,6.6836111111111105
327,"NGC 1875",13.6,1.6,0.5,"S0?",80.44124999999998,6.68861111111111
219,"UGC 02812",14.9,0.9,0.8,"SB pec",54.966249999999995,-2.113333333333333
20,"UGC 03014",14.4,1.2,0.7,"SB?",64.97375,2.0952777777777776
279,"NGC 1253",11.7,5.3,2.3,"SAB(s)cd",48.53791666666666,-2.8227777777777776
279,"NGC 1253A",13.9,1.7,1.0,"IB(s)m pec IV",48.59666666666666,-2.8036111111111106
147,"IC 0298",15.0,0.7,0.5,"Ring A&B",47.826249999999995,1.3138888888888887
289,"NGC 3981",11.0,5.3,2.3,"SA(rs)c pec",179.02999999999997,-19.894999999999996
22,"ESO 572-G036",14.9,0.9,0.6,"IB(s)m",179.87291666666664,-19.331666666666663
22,"NGC 4027",11.2,3.2,2.4,"SB(s)dm",179.8770833333333,-19.263333333333332
244,"NGC 4039",10.3,3.1,1.6,"IB:(s)m pec",180.47416666666663,-18.884999999999998
244,"NGC 4038",10.7,5.3,3.1,"SB?(s:)m pec",180.46999999999997,-18.865
248,"MCG-01-30-33",14.1,1.8,0.7,"SB(s)b: pec",176.6870833333333,-3.842777777777777
248,"MCG-01-30-32",14.5,1.2,0.6,"SAB(rs)b? pec",176.64541666666665,-3.8552777777777774
248,"MCG-01-30-34",15.0,1.0,0.7,"SB(s)c pec",176.70666666666665,-3.816944444444444
176,"NGC 4933C",17.5,0.5,0.5,"Im: pec",195.9933333333333,-11.501388888888886
176,"NGC 4933A",11.7,1.0,0.8,"S0 pec",195.97624999999996,-11.50611111111111
176,"NGC 4933B",12.7,1.8,1.1,"E/S0 pec",195.98624999999998,-11.498055555555554
271,"NGC 5426",12.2,3.0,1.6,"SAB(rs)bc pec",210.85416666666663,-6.069444444444444
271,"NGC 5427",11.4,2.8,2.4,"SA(s)c pec II",210.85749999999996,-6.030555555555555
171,"NGC 5718",12.9,1.5,1.1,"S0-:",220.1795833333333,3.453055555555555
171,"IC 1042",14.9,1.1,,"S0",220.1545833333333,3.4527777777777775
240,"NGC 5258",12.9,1.7,1.1,"Sb? pec",204.99124999999998,0.8319444444444444
240,"NGC 5257",12.9,1.8,0.9,"Sb? pec",204.9708333333333,0.8394444444444443
286,"NGC 5566",10.5,6.6,2.2,"SB(r)ab",215.08499999999998,3.933055555555555
286,"NGC 5560",12.4,3.7,0.7,"SB(s)b pec",215.01999999999998,3.992777777777777
286,"NGC 5569",13.2,1.7,1.5,"SAB(rs)cd",215.1333333333333,3.9824999999999995
277,"NGC 4810",13.0,1.9,0.8,"Im pec",193.7133333333333,2.6402777777777775
277,"NGC 4809",13.7,1.8,0.9,"Im pec",193.7120833333333,2.653333333333333
33,"UGC 08613",15.0,1.4,0.6,"E?",204.35249999999996,6.429166666666665
33,"UGC 08613",15.3,1.4,0.6,"SB",204.35041666666663,6.43611111111111
326,"UGC 08610",15.4,1.0,1.2,"Sa",204.32749999999996,6.478888888888888
288,"NGC 5222",13.1,1.6,1.2,"Double System",203.73124999999996,13.741666666666665
288,"NGC 5221",13.0,2.4,0.8,"SB: II",203.73374999999996,13.831944444444442
57,"CGCG 101-019",14.8,0.5,0.3," ",199.1670833333333,14.419999999999998
57,"MCG+03-34-012",15.5,0.9,0.6," ",199.1670833333333,14.436666666666664
53,"NGC 3290",14.4,1.0,0.5,"SA(rs:)c: pec",158.82166666666666,-17.275
338,"Arp 338",,,,"Pair",152.74791666666664,-7.914999999999999
44,"IC 0609",14.1,1.5,0.7,"IBS9P",156.38625,-2.2211111111111106
132,"CGCG 011-053",15.5,0.4,0.3,"Pair",169.83791666666664,-3.090555555555555
161,"UGC 06665",14.7,0.4,0.4,"Sb pec:",175.55124999999998,0.3341666666666666
5,"NGC 3664",12.8,2.1,1.9,"SB(s)m pec",171.1033333333333,3.3274999999999997
335,"NGC 3509",12.7,2.1,1.0,"SA(s)bc pec",166.09874999999997,4.830277777777777
292,"IC 0575",13.2,1.7,1.2,"S1P/",148.6375,-6.857499999999999
253,"UGCA 173",16.1,1.3,0.2," ",145.85125,-5.279444444444444
253,"UGCA 174",14.3,1.2,0.4," ",145.87624999999997,-5.2797222222222215
321,"MCG-01-25-012",15.1,1.1,0.7,"SB(s) 0- pec",144.72916666666666,-4.866111111111111
321,"MCG-01-25-011",17.4,0.7,0.3,"SAB(s) a pec",144.73083333333332,-4.857777777777777
321,"MCG-01-25-009",13.8,1.1,0.3,"Sbc",144.72166666666664,-4.859444444444444
321,"MCG-01-25-008",15.7,1.4,1.1,"SB(rs)b pec",144.72291666666663,-4.848888888888888
321,"MCG-01-25-010",15.0,0.9,0.4,"SA(r) 0- pec",144.73208333333332,-4.837222222222222
142,"NGC 2937",13.6,2.1,0.7,"E, Ring A",144.43749999999997,2.747222222222222
142,"NGC 2936",13.5,1.3,1.1,"I, Ring B",144.43374999999997,2.760555555555555
142,"UGC 05130",14.4,,,"E+SYS",144.4295833333333,2.770833333333333
303,"IC 0563",14.7,0.9,0.5,"SBR2*P",146.58499999999998,3.0447222222222217
303,"IC 0564",14.1,1.7,0.4,"SAS6$P",146.58791666666664,3.070555555555555
255,"UGC 05304",14.3,1.1,0.9,"Pair",148.28624999999997,7.880555555555555
291,"UGC 05832",13.7,1.2,1.0,"SB?",160.70291666666665,13.459444444444443
43,"IC 0607",13.2,1.8,1.5,"SB(r)bc",156.06416666666664,16.743333333333332
263,"NGC 3239",11.4,5.0,3.3,"Ib(s)m pec",156.27291666666665,17.15972222222222
134,"MESSIER 49",8.4,10.3,8.4,"E2",187.4433333333333,7.996388888888887
175,"IC 3483",15.0,0.6,0.4,"SAB(s)b pec:",188.295,11.344166666666665
175,"IC 3481A",13.6,0.2,,"E pec",188.23624999999998,11.38972222222222
175,"IC 3481",13.3,0.8,0.6,"SAB0-: pec",188.21749999999997,11.404166666666665
152,"MESSIER 87",8.6,8.4,6.7,"E+0-1 pec",187.70583333333332,12.39111111111111
120,"NGC 4438",10.1,8.6,3.2,"SA(s)0/a pec",186.9395833333333,13.00861111111111
120,"NGC 4435",10.9,2.8,2.0,"SB(s)0^0",186.9183333333333,13.078888888888887
260,"UGC 07230",14.8,1.4,0.9,"Sc",183.41124999999997,16.12194444444444
116,"MESSIER 60",8.8,7.5,6.1,"E2",190.91499999999996,11.552777777777775
116,"NGC 4647",11.4,2.9,2.3,"SAB(rs)c",190.8845833333333,11.581944444444442
76,"MESSIER 90",9.5,9.7,4.4,"SAB(rs)ab",189.20749999999998,13.162777777777777
189,"NGC 4651",10.8,4.0,2.7,"SA(rs)c II",190.92749999999998,16.394444444444442
149,"IC 0803B",16.0,0.8,0.1,"Im",189.92666666666665,16.59222222222222
149,"IC 0803A",16.0,,,"Dwarf E",189.92666666666665,16.59222222222222
159,"NGC 4747",12.4,3.5,1.2,"SBcd? pec sp",192.93916666666664,25.77444444444444
34,"NGC 4615",13.1,1.6,0.7,"Scd:",190.4058333333333,26.07222222222222
163,"NGC 4670",12.7,1.5,1.1,"SB(s)0/a pec:",191.3208333333333,27.125277777777775
16,"MESSIER 66",8.9,9.1,4.2,"SAB(s)b II",170.0620833333333,12.989166666666664
317,"MESSIER 65",9.3,9.9,2.9,"SAB(rs)a II",169.73,13.093055555555553
317,"NGC 3628",9.5,14.8,3.0,"Sb pec sp II",170.06749999999997,13.589444444444442
83,"NGC 3799",14.0,0.8,0.5,"SB(s)b: pec",175.03916666666663,15.32722222222222
83,"NGC 3800",12.7,2.0,0.6,"SAB(rs)b: pec",175.05499999999998,15.342777777777776
197,"IC 0701",14.6,1.0,0.6,"SBT8P",172.75166666666664,20.470277777777774
320,"NGC 3751",13.9,0.8,0.5,"S0- pec?",174.47541666666663,21.936111111111106
320,"NGC 3750",13.9,0.8,0.7,"SAB0-? sp",174.46499999999997,21.974166666666665
320,"NGC 3753",13.6,1.7,0.5,"Sab? pec SB",174.47374999999997,21.98083333333333
320,"NGC 3754",15.1,0.4,0.3,"SBc",174.4795833333333,21.985555555555553
320,"NGC 3746",14.2,1.1,0.5,"SB(r)b",174.43166666666664,22.009166666666662
320,"NGC 3748",14.8,0.7,0.4,"SB0^0^? sp",174.45458333333332,22.02583333333333
320,"NGC 3745",15.2,0.4,0.2,"SB(s)0-:",174.43541666666664,22.02083333333333
87,"NGC 3808",13.4,1.7,0.9,"SAB(rs)c pec",175.18374999999997,22.427777777777774
87,"NGC 3808A",11.5,0.6,0.2,"I0? pec",175.1845833333333,22.447499999999998
198,"UGC 06073",15.3,1.3,0.9,"DBL SYS",164.93916666666664,17.64833333333333
191,"UGC 06175",14.6,1.3,0.7,"SAB0-pec",166.83166666666665,18.42972222222222
191,"UGC 06175",14.7,0.3,0.2,"SAB(r)0+ pec",166.83499999999998,18.431111111111107
192,"NGC 3303",14.3,3.1,2.2,"P",159.2483333333333,18.136944444444442
301,"UGC 06204",14.5,0.8,0.4,"S",167.4645833333333,24.26222222222222
301,"UGC 06207",14.6,1.5,0.2,"SB?",167.47624999999996,24.256944444444443
105,"NGC 3561",15.0,0.7,,"SA(r)a pec",167.8045833333333,28.69583333333333
105,"UGC 06224",14.7,0.9,,"DBL SYS",167.80374999999998,28.711666666666662
138,"NGC 4015",14.0,0.9,0.2,"E",179.67791666666665,25.036388888888887
138,"NGC 4015",14.2,1.4,1.4,"S?",179.68041666666664,25.04444444444444
305,"NGC 4017",12.2,1.8,1.4,"SABbc",179.68999999999997,27.45305555555555
305,"NGC 4016",13.3,1.6,0.8,"SBdm:",179.62166666666664,27.528888888888886
106,"NGC 4211A",14.7,1.5,,"S0/a pec",183.9020833333333,28.168888888888883
106,"NGC 4211",13.6,1.0,,"S0/a pec",183.8995833333333,28.17722222222222
97,"UGC 07085A",15.6,2.7,1.0,"SA(r)0- pec",181.43874999999997,31.059722222222216
97,"UGC 07085A",15.7,0.4,0.3,"SAB0- pec",181.4395833333333,31.079166666666662
115,"UGC 06678A",15.5,0.9,0.5,"Sdm",175.76208333333332,26.276666666666664
115,"UGC 06678B",15.8,0.5,0.5,"S0+",175.72666666666663,26.289166666666663
115,"UGC 06678C",15.9,0.5,0.5,"cE",175.72666666666663,26.289166666666663
203,"NGC 3712",13.9,1.7,0.6,"SB?",172.78791666666663,28.567777777777774
294,"NGC 3786",12.3,2.2,1.3,"SAB(rs)a pec",174.92708333333331,31.90916666666666
294,"NGC 3788",12.6,2.2,0.7,"SAB(rs)ab pec",174.9358333333333,31.931111111111107
313,"NGC 3994",12.7,1.1,0.6,"SA(r)c pec?",179.40291666666664,32.278055555555554
313,"NGC 3995",12.4,2.8,1.1,"SA(m)pec",179.43666666666664,32.294999999999995
194,"UGC 06945",14.9,1.2,0.8,"S? Pair",179.46874999999997,36.38833333333333
154,"NGC 1316",8.2,12.1,8.6,"(R')SAB(s)0^0",50.67291666666666,-37.209444444444436
77,"NGC 1097",9.2,9.4,6.3,"SB(rs)bc I-II",41.579583333333325,-30.27444444444444
77,"NGC 1097A",13.6,0.8,0.5,"E5 pec",41.54124999999999,-30.22916666666666
332,"IC 1892",13.2,2.0,1.1,"SB(s)d pec",47.116249999999994,-23.05111111111111
332,"MCG-4-8-29",16.8,0.6,0.3,"S",47.10833333333333,-23.03805555555555
332,"NGC 1230",15.4,0.6,0.2,"LB0?P",47.06833333333333,-22.984166666666663
332,"NGC 1229",13.9,1.4,0.9,"SB(s)ab: pec",47.04583333333333,-22.960277777777776
332,"NGC 1228",13.2,1.5,0.9,"(R')SB(rs)0",47.04583333333333,-22.92444444444444
108,"ESO 547-G002",15.0,0.6,0.4,"S0:",45.77291666666666,-22.21722222222222
108,"ESO 547-G003",14.0,1.0,0.7,"SC?",45.779999999999994,-22.206666666666663
39,"NGC 1347",13.0,1.6,1.3,"SB(s)c: pec",52.42499999999999,-22.279166666666665
41,"NGC 1232",10.1,7.5,6.5,"SAB(rs)c I-II",47.43874999999999,-20.578888888888887
41,"NGC 1232A",14.7,0.9,0.8,"SB(s)dm III",47.43874999999999,-20.578888888888887
131,"MCG-03-08-25",14.5,1.0,0.7," ",41.832499999999996,-14.801944444444443
131,"MCG-03-08-26",15.0,0.7,0.4," ",41.89124999999999,-14.774999999999999
304,"NGC 1241",12.0,2.8,1.7,"SAB(rs)bc II",47.811249999999994,-8.92222222222222
304,"NGC 1242",13.7,1.2,0.7,"SB:(s:)cd III",47.82999999999999,-8.901944444444442
309,"NGC 0942",11.2,3.4,,"S0: pec",37.2925,-10.83611111111111
309,"NGC 0943",11.4,3.4,,"S0^0: pec",37.28916666666666,-10.826944444444443
179,"NPM1G -04.0134",16.6,,," ",45.42041666666666,-4.671666666666666
252,"ESO 566-IG007",15.3,0.8,0.5,"SB3P?",146.2433333333333,-19.72555555555555
252,"ESO 566-IG008",15.6,0.7,0.5,"S",146.2483333333333,-19.7125
245,"NGC 2993",12.6,1.4,0.9,"I0? pec or",146.45208333333332,-14.368055555555554
245,"NGC 2992",12.2,3.6,1.1,"S0 pec sp",146.42499999999998,-14.326388888888888
7,"MCG-03-23-009",14.5,1.3,1.0,"SB(rs) bc:",132.57333333333332,-16.576388888888886
275,"NGC 2881",14.1,,," ",141.47875,-12.000277777777777
275,"NGC 2881",13.3,1.1,0.9,"S?",141.47875,-11.98361111111111
221,"MCG-02-25-006",14.0,1.3,1.1," ",144.1158333333333,-11.32861111111111
257,"UGC 04638",15.0,0.6,0.3,"S pec",132.9095833333333,-2.3663888888888884
257,"UGC 04638",17.0,1.5,0.8,"SP",132.90791666666664,-2.3541666666666665
153,"NGC 5128",6.8,25.9,20.1,"S0 pec",201.36499999999998,-43.01916666666666
254,"NGC 5917",14.5,1.5,0.9,"Sb pec?",230.38416666666663,-7.377222222222221
261,"MCG-02-38-016",13.4,,,"IB(s)m pec",222.3770833333333,-10.173055555555553
261,"ARP 261",14.5,,,"IB(s)m pec",222.3870833333333,-10.164166666666665
261,"ARP 261",,,," ",222.38624999999996,-10.163055555555554
261,"ARP 261",,,," ",222.38624999999996,-10.156666666666665
14,"NGC 7314",10.9,4.6,2.1,"SAB(rs)c: II",338.94041666666664,-26.05083333333333
93,"NGC 7284",11.9,2.1,1.5,"SB(s)0^0 pec",337.15,-24.844166666666663
93,"NGC 7285",11.9,2.4,1.4,"SB(rs)a pec",337.1583333333333,-24.84083333333333
226,"NGC 7252",11.4,2.0,1.6,"SAB0^0? pec",335.1866666666666,-24.678611111111106
325,"ESO 601- G 018",16.1,,," ",331.6008333333333,-21.079166666666662
325,"ESO 601- G 018",17.9,,," ",331.59666666666664,-21.077499999999997
325,"ESO 601- G 018",18.1,1.7,0.7," ",331.5925,-21.072499999999998
