recno,Barn,RA1875,DE1875,Diam,_RA_icrs,_DE_icrs
1,"  1 ",51.30833333333332,30.73333333333333,30.0,53.239216944444436,31.15924555555555
2,"  2 ",51.43333333333332,31.899999999999995,20.0,53.38025916666666,32.32463166666666
3,"  3 ",53.05833333333332,31.566666666666663,20.0,55.00802194444444,31.97547416666666
4,"  4 ",54.05833333333332,31.399999999999995,,56.010031111111104,31.798903333333328
5,"  5 ",54.99999999999999,32.49999999999999,60.0,56.97110916666666,32.889376388888884
6,"  6 ",56.62499999999999,55.74999999999999,,59.09747027777777,56.1202711111111
7,"  7 ",62.41666666666666,28.249999999999996,,64.3540022222222,28.561828611111107
8,"  8 ",61.970833333333324,54.93333333333332,,64.46201694444443,55.246981111111104
9,"  9 ",62.24999999999999,54.74999999999999,,64.73723999999999,55.06063805555555
10," 10 ",62.73749999999999,27.96666666666666,8.0,64.67176749999999,28.275022777777775
11," 11 ",64.15416666666665,54.74999999999999,,66.65530527777777,55.039692499999994
12," 12 ",64.96666666666665,53.96666666666666,24.0,67.447515,54.24746805555555
13," 13 ",65.32083333333333,54.61666666666666,11.0,67.82549138888888,54.89339333333333
14," 14 ",68.08333333333333,25.499999999999996,3.0,69.99587055555554,25.74899972222222
15," 15 ",65.70833333333333,46.349999999999994,13.0,67.98320777777776,46.62368666666666
16," 16 ",65.83333333333333,46.33333333333333,,68.1084261111111,46.60562166666666
17," 17 ",65.85416666666666,46.24999999999999,,68.1273947222222,46.52206583333333
18," 18 ",65.91666666666666,24.08333333333333,60.0,67.80536194444443,24.356864166666664
19," 19 ",66.49999999999999,25.999999999999996,60.0,68.41617805555555,26.26684416666666
20," 20 ",66.87499999999999,50.71666666666666,60.0,69.2687986111111,50.97659444444444
21," 21 ",66.95833333333333,55.099999999999994,10.0,69.49015027777777,55.35820972222221
22," 22 ",67.74999999999999,25.799999999999997,120.0,69.66605499999999,26.05275694444444
23," 23 ",68.16666666666666,29.63333333333333,5.0,70.13933027777777,29.88104305555555
24," 24 ",68.74999999999999,29.499999999999996,8.0,70.72202138888888,29.74107805555555
25," 25 ",70.73333333333332,45.79999999999999,8.0,73.01693722222221,46.016527777777775
26," 26 ",71.66666666666666,30.41666666666666,5.0,73.65913416666666,30.62408694444444
27," 27 ",71.79166666666666,30.349999999999994,5.0,73.7833461111111,30.555974722222217
28," 28 ",71.975,30.43333333333333,4.0,73.9683536111111,30.637169722222218
29," 29 ",74.58333333333333,31.41666666666666,10.0,76.59727805555555,31.58988194444444
30," 30 ",80.81249999999999,12.666666666666664,67.0,82.56868444444443,12.76726722222222
31," 31 ",81.24999999999999,12.666666666666664,30.0,83.00631972222222,12.762004166666665
32," 32 ",81.28333333333332,12.333333333333332,,83.03545166666666,12.428295277777776
33," 33 ",83.64999999999999,-2.533333333333333,4.0,85.2204975,-2.465823333333333
34," 34 ",83.83333333333333,32.58333333333333,20.0,85.87769611111109,32.64574388888889
35," 35 ",84.66666666666666,8.999999999999998,15.0,86.37766138888888,9.054350277777777
36," 36 ",85.74999999999999,7.383333333333332,120.0,87.44103944444443,7.424674999999999
37," 37 ",96.49999999999999,10.566666666666665,175.0,98.22896416666666,10.47744361111111
38," 38 ",96.68749999999999,11.166666666666664,60.0,98.42388416666665,11.075140277777777
39," 39 ",97.78333333333332,10.433333333333332,,99.51014277777776,10.328684166666665
40," 40 ",241.84999999999997,-18.65,15.0,243.6617130555555,-18.96867861111111
41," 41 ",243.74999999999997,-19.333333333333332,45.0,245.57348888888885,-19.631252777777775
42," 42 ",244.49999999999997,-23.149999999999995,,246.37351249999998,-23.43938583333333
43," 43 ",245.74999999999997,-19.499999999999996,,247.57899277777776,-19.77574972222222
44," 44 ",248.24999999999997,-23.83333333333333,,250.14005805555553,-24.080596666666665
45," 44a",249.0333333333333,-40.099999999999994,5.0,251.1878094444444,-40.33684833333333
46," 45 ",249.74999999999997,-21.366666666666664,120.0,251.6094458333333,-21.596983611111106
47," 46 ",252.42499999999995,-22.53333333333333,,254.30401222222218,-22.732626666666665
48," 47 ",253.04999999999995,-22.449999999999996,15.0,254.9287105555555,-22.6420075
49," 48 ",253.24999999999997,-40.49999999999999,40.0,255.4253133333333,-40.68795055555555
50," 49 ",253.62499999999997,-33.08333333333333,,255.66478999999995,-33.26768083333333
51," 50 ",253.66666666666663,-34.199999999999996,15.0,255.72548305555551,-34.38374861111111
52," 51 ",254.3083333333333,-22.08333333333333,20.0,256.1835880555555,-22.260619999999996
53," 53 ",254.49999999999997,-33.416666666666664,60.0,256.5471191666666,-33.59069805555555
54," 54 ",254.5833333333333,-34.08333333333333,5.0,256.6419947222222,-34.25631666666666
55," 55 ",254.86666666666662,-31.83333333333333,16.0,256.88809805555553,-32.00319777777777
56," 56 ",255.17916666666662,-31.93333333333333,3.0,257.20277999999996,-32.0995
57," 57 ",255.2083333333333,-22.666666666666664,5.0,257.09267916666664,-22.833304166666665
58," 58 ",255.62499999999997,-40.24999999999999,30.0,257.8011041666666,-40.41000583333333
59," 59 ",255.8958333333333,-27.33333333333333,60.0,257.84835222222216,-27.491448611111107
60," 60 ",256.0833333333333,-22.28333333333333,13.0,257.96331805555553,-22.439655
61," 61 ",256.8958333333333,-20.333333333333332,,258.7499094444444,-20.48017222222222
62," 62 ",257.1916666666666,-20.73333333333333,19.0,259.0514286111111,-20.87662333333333
63," 63 ",257.24999999999994,-21.333333333333332,60.0,259.1180147222222,-21.475881111111107
64," 64 ",257.49999999999994,-18.349999999999998,,259.32803749999994,-18.489809166666664
65," 65 ",257.9583333333333,-26.566666666666663,12.0,259.9018675,-26.70033305555555
66," 66 ",258.04166666666663,-26.766666666666662,8.0,259.98828305555554,-26.89932083333333
67," 67 ",258.29166666666663,-26.73333333333333,,260.2380505555555,-26.86300583333333
68," 67a",258.74999999999994,-21.766666666666662,13.0,260.62525916666664,-21.89128555555555
69," 68 ",258.74999999999994,-23.666666666666664,4.0,260.65199194444443,-23.791126944444443
70," 69 ",258.82916666666665,-23.799999999999997,,260.73313249999995,-23.92350222222222
71," 70 ",258.97916666666663,-23.916666666666664,4.0,260.88493277777775,-24.038364166666664
72," 71 ",258.85416666666663,-23.88333333333333,1.0,260.7593469444444,-24.006529444444443
73," 72 ",258.99999999999994,-23.499999999999996,,260.8998297222222,-23.62148333333333
74," 73 ",259.12499999999994,-24.166666666666664,1.0,261.03448305555554,-24.28659694444444
75," 74 ",259.37499999999994,-24.08333333333333,,261.2834941666666,-24.200276388888884
76," 75 ",259.44583333333327,-21.916666666666664,,261.32370944444443,-22.032943333333332
77," 76 ",259.49999999999994,-24.299999999999997,,261.41172138888885,-24.415426388888886
78," 77 ",260.24999999999994,-23.749999999999996,60.0,262.1543886111111,-23.856473888888885
79," 78 ",261.24999999999994,-25.499999999999996,180.0,263.18059999999997,-25.59429444444444
80," 79 ",262.49999999999994,-19.53333333333333,30.0,264.34680944444443,-19.613061111111108
81," 80 ",262.5583333333333,-21.199999999999996,2.0,264.42807777777773,-21.27888611111111
82," 81 ",262.72916666666663,-23.849999999999998,,264.6365330555555,-23.926597777777776
83," 82 ",262.74999999999994,-23.699999999999996,,264.65521194444443,-23.776359166666662
84," 83 ",262.8333333333333,-24.099999999999998,7.0,264.7443716666666,-24.175317777777774
85," 83a",264.47499999999997,-19.949999999999996,4.0,266.3281775,-20.005808611111107
86," 84 ",264.74999999999994,-20.199999999999996,,266.60668416666664,-20.252456388888888
87," 84a",267.5833333333333,-17.65,16.0,269.4057994444444,-17.668285833333332
88," 85 ",268.7083333333333,-23.016666666666662,,270.60501472222217,-23.020836666666664
89," 86 ",268.78749999999997,-27.866666666666664,5.0,270.7565130555555,-27.86943694444444
90," 87 ",268.99999999999994,-32.49999999999999,,271.0444158333333,-32.49973194444444
91," 88 ",269.2333333333333,-24.116666666666664,2.0,271.1458805555555,-24.11436194444444
92," 89 ",269.3333333333333,-24.366666666666664,0.5,271.2495227777777,-24.363124999999997
93," 90 ",270.5833333333333,-28.299999999999997,3.0,272.5588019444444,-28.280913888888886
94," 91 ",270.62499999999994,-23.716666666666665,5.0,272.53149527777776,-23.69749194444444
95," 92 ",272.0666666666666,-18.266666666666666,12.0,273.8968133333333,-18.230451944444443
96," 93 ",272.3958333333333,-18.099999999999998,2.0,274.2236419444444,-18.059806111111108
97," 94 ",274.7416666666666,-10.733333333333333,15.0,276.4734908333333,-10.665305833333331
98," 95 ",274.65416666666664,-11.816666666666665,30.0,276.39963388888884,-11.749614999999999
99," 96 ",274.87499999999994,-10.366666666666665,,276.60219916666665,-10.297054999999999
100," 97 ",275.54999999999995,-9.999999999999998,60.0,277.2724222222222,-9.922262222222221
101," 98 ",276.3791666666666,-26.149999999999995,3.0,278.31840916666664,-26.060954722222217
102," 99 ",276.45,-21.566666666666663,7.0,278.3231716666666,-21.47716555555555
103,"100 ",276.4583333333333,-9.233333333333333,16.0,278.1709555555555,-9.144697777777777
104,"101 ",276.4583333333333,-8.899999999999999,8.0,278.1668380555555,-8.811389166666665
105,"102 ",277.65416666666664,-13.849999999999998,5.0,279.42416305555554,-13.74662972222222
106,"103 ",278.17499999999995,-6.783333333333332,4.0,279.8570438888888,-6.6742366666666655
107,"104 ",280.17499999999995,-4.666666666666666,16.0,281.8309102777777,-4.5337983333333325
108,"105 ",280.24999999999994,-7.049999999999999,0.5,281.9345994444444,-6.91606611111111
109,"106 ",280.5458333333333,-5.216666666666666,2.0,282.20824472222216,-5.079339722222222
110,"107 ",280.71666666666664,-5.1499999999999995,5.0,282.3782288888888,-5.010643888888888
111,"108 ",280.71666666666664,-6.449999999999999,3.0,282.39385749999997,-6.310550833333332
112,"109 ",280.7083333333333,-7.699999999999999,0.7,282.40062888888883,-7.560559999999999
113,"110 ",280.87499999999994,-4.933333333333333,11.0,282.5339194444444,-4.79210861111111
114,"111 ",280.99999999999994,-5.1,120.0,282.6608808333333,-4.957276944444444
115,"112 ",281.10416666666663,-6.8166666666666655,18.0,282.78563777777777,-6.672582777777777
116,"113 ",281.2,-4.466666666666666,16.0,282.85324638888886,-4.321611666666666
117,"114 ",281.61249999999995,-7.099999999999999,6.0,283.29719027777776,-6.949860277777777
118,"115 ",281.65,-6.8166666666666655,6.0,283.33126611111106,-6.666102499999999
119,"116 ",281.7,-7.333333333333332,,283.3874658333333,-7.182139444444443
120,"117 ",281.7416666666666,-7.5666666666666655,1.0,283.4319280555555,-7.4149619444444435
121,"117a",281.76666666666665,-4.999999999999999,7.0,283.42612499999996,-4.848181666666666
122,"118 ",281.79166666666663,-7.599999999999999,2.0,283.48230888888884,-7.447700277777777
123,"119 ",281.9958333333333,-4.699999999999999,,283.65164472222216,-4.545487222222222
124,"119a",281.99999999999994,-5.333333333333333,30.0,283.66336777777775,-5.178726388888888
125,"120 ",282.0666666666666,-4.749999999999999,,283.72305333333327,-4.594644722222221
126,"121 ",282.2,-4.766666666666666,,283.8565461111111,-4.609731944444444
127,"122 ",282.5458333333333,-4.916666666666666,4.0,284.20406166666663,-4.755631111111111
128,"123 ",282.75833333333327,-4.883333333333333,1.5,284.4160994444444,-4.71979
129,"124 ",282.7708333333333,-4.516666666666666,3.0,284.42423777777776,-4.353001388888888
130,"125 ",282.93749999999994,-4.55,9.0,284.59125138888885,-4.3843652777777775
131,"126 ",283.10416666666663,-4.699999999999999,8.0,284.7596483333333,-4.532388888888888
132,"127 ",283.71666666666664,-5.616666666666666,4.5,285.38282111111107,-5.441779722222221
133,"128 ",283.7625,-4.749999999999999,10.0,285.4183683333333,-4.574634722222221
134,"129 ",283.85416666666663,-5.4833333333333325,5.0,285.5186897222222,-5.306839722222222
135,"130 ",283.8166666666666,-5.749999999999999,7.0,285.4843663888889,-5.573928333333333
136,"131 ",283.91249999999997,-4.55,3.0,285.5659555555555,-4.372885833333333
137,"132 ",284.4625,-4.616666666666666,16.0,286.1165683333333,-4.433095
138,"133 ",284.8708333333333,-7.083333333333332,,286.5539108333333,-6.894810833333333
139,"134 ",285.0458333333333,-6.433333333333333,6.0,286.72112999999996,-6.242810555555555
140,"135 ",285.23749999999995,-4.116666666666666,13.0,286.88544444444443,-3.9240652777777774
141,"136 ",285.5583333333333,-4.199999999999999,8.0,287.2071555555555,-4.003650555555555
142,"137 ",287.38333333333327,-1.5499999999999998,,289.0009011111111,-1.3326619444444443
143,"138 ",287.49999999999994,0.0,180.0,289.09966749999995,0.21858055555555553
144,"139 ",287.88333333333327,-1.633333333333333,,289.5017791666666,-1.4102274999999997
145,"140 ",288.41249999999997,4.999999999999999,60.0,289.9545855555555,5.228746388888888
146,"141 ",288.46666666666664,1.6666666666666663,20.0,290.04715527777773,1.8962555555555554
147,"142 ",293.43749999999994,10.233333333333333,40.0,294.9221525,10.51846611111111
148,"143 ",293.87499999999994,10.716666666666665,30.0,295.3544983333333,11.006611388888887
149,"144 ",298.49999999999994,34.99999999999999,270.0,299.6723069444444,35.33838805555555
150,"145 ",299.5666666666666,37.33333333333333,45.0,300.70552999999995,37.68280972222222
151,"146 ",299.70416666666665,35.666666666666664,,300.8709125,36.017733611111105
152,"147 ",300.52916666666664,35.01666666666666,11.0,301.7097763888888,35.37642333333333
153,"148 ",311.2083333333333,59.16666666666666,3.0,311.92877138888883,59.62852166666666
154,"149 ",311.52916666666664,59.066666666666656,2.0,312.2574727777777,59.53146555555555
155,"150 ",311.9583333333333,59.83333333333332,60.0,312.6652794444444,60.30190444444444
156,"151 ",316.16666666666663,55.816666666666656,60.0,317.05683416666665,56.322507222222214
157,"152 ",317.87499999999994,61.21666666666666,9.0,318.62309722222216,61.73596249999999
158,"153 ",319.3333333333333,55.91666666666666,60.0,320.26354638888887,56.44830222222222
159,"154 ",319.41666666666663,56.08333333333333,8.0,320.3437744444444,56.61560972222222
160,"155 ",321.85416666666663,44.41666666666666,13.0,323.0353305555555,44.96848138888888
161,"156 ",322.32083333333327,45.033333333333324,8.0,323.4973733333333,45.58856777777777
162,"157 ",322.4083333333333,54.11666666666666,5.0,323.4231119444444,54.671945555555546
163,"158 ",323.09166666666664,42.849999999999994,3.0,324.30653249999995,43.41097027777777
164,"159 ",323.37499999999994,42.66666666666666,25.0,324.59493,43.22968611111111
165,"160 ",323.49999999999994,55.66666666666666,31.0,324.4954927777777,56.229771111111106
166,"161 ",324.12499999999994,57.24999999999999,3.0,325.0923041666666,57.81743416666666
167,"162 ",324.2833333333333,55.74999999999999,13.0,325.28841527777774,56.318678333333324
168,"163 ",324.54166666666663,56.133333333333326,,325.54187055555553,56.703798333333324
169,"164 ",325.50833333333327,50.51666666666666,20.0,326.63277083333327,51.094201388888884
170,"165 ",326.29166666666663,59.633333333333326,18.0,327.2337844444444,60.21551666666666
171,"166 ",326.8166666666666,59.49999999999999,5.0,327.77156111111105,60.085695833333325
172,"167 ",327.0333333333333,59.48333333333333,5.0,327.99248499999993,60.07046083333333
173,"168 ",327.13333333333327,46.68333333333333,10.0,328.33606805555553,47.2719086111111
174,"169 ",328.69999999999993,58.16666666666666,60.0,329.7202516666666,58.76460777777777
175,"170 ",328.49999999999994,58.36666666666666,15.0,329.5122002777777,58.963335555555545
176,"171 ",329.29999999999995,58.26666666666666,91.0,330.3282747222222,58.86833027777777
177,"173 ",330.8333333333333,59.066666666666656,4.0,331.8705955555555,59.67750416666666
178,"174 ",330.7833333333333,58.46666666666666,19.0,331.8330586111111,59.07724916666666
179,"175 ",332.74999999999994,69.31666666666666,60.0,333.50368805555553,69.93754833333332
180,"201 ",31.08333333333333,56.49999999999999,10.0,33.25032722222222,57.08919138888888
181,"202 ",49.49999999999999,29.83333333333333,22.0,51.4113686111111,30.276498888888884
182,"203 ",49.54166666666666,30.33333333333333,,51.45952194444444,30.776077499999996
183,"204 ",50.20833333333333,29.749999999999996,14.0,52.121758333333325,30.186486388888884
184,"205 ",50.20833333333333,30.66666666666666,15.0,52.13345194444444,31.10309694444444
185,"206 ",50.37499999999999,29.749999999999996,5.0,52.28914694444444,30.184903888888886
186,"207 ",59.24999999999999,25.999999999999996,,61.14763138888888,26.34594083333333
187,"208 ",60.99999999999999,24.83333333333333,,62.88716999999999,25.160724166666665
188,"209 ",61.16666666666666,27.999999999999996,,63.096864722222215,28.325368611111106
189,"210 ",61.99999999999999,24.749999999999996,,63.8886236111111,25.066612499999998
190,"211 ",62.37499999999999,27.499999999999996,,64.30174944444444,27.812339166666664
191,"212 ",62.91666666666666,24.999999999999996,,64.81086638888888,25.306624166666662
192,"213 ",63.37499999999999,26.749999999999996,,65.29407305555554,27.051477777777773
193,"214 ",63.54166666666666,28.249999999999996,5.0,65.48216472222221,28.549532777777774
194,"215 ",63.99999999999999,24.749999999999996,,65.89343694444443,25.044758888888886
195,"216 ",64.08333333333333,26.33333333333333,,65.99846416666665,26.627054166666664
196,"217 ",64.99999999999999,25.83333333333333,,66.91046138888888,26.11694694444444
197,"218 ",65.12499999999999,25.999999999999996,15.0,67.03804888888888,26.28221166666666
198,"219 ",66.74999999999999,29.33333333333333,120.0,68.71469638888888,29.597094722222216
199,"220 ",68.45833333333333,25.749999999999996,7.0,70.37512444444444,25.99471583333333
200,"221 ",68.99999999999999,31.499999999999996,45.0,71.00346666666665,31.73804555555555
201,"222 ",75.07499999999999,31.999999999999996,10.0,77.09932388888888,32.167362499999996
202,"223 ",78.66666666666666,8.2,8.0,80.36681972222222,8.326657777777777
203,"224 ",79.24999999999999,10.499999999999998,20.0,80.97858388888888,10.619511111111109
204,"225 ",80.49999999999999,11.499999999999998,,82.24141749999998,11.604445277777776
205,"226 ",82.08333333333333,33.61666666666666,17.0,84.14423444444444,33.70011916666666
206,"227 ",89.99999999999999,19.666666666666664,12.0,91.84941222222221,19.65543305555555
207,"228 ",234.24999999999997,-34.11666666666666,240.0,236.24127999999996,-34.513523611111104
208,"229 ",242.49999999999997,-26.999999999999996,45.0,244.42036361111107,-27.31105555555555
209,"230 ",244.99999999999997,-16.499999999999996,60.0,246.7908494444444,-16.784301666666664
210,"231 ",247.54166666666663,-35.166666666666664,30.0,249.6013008333333,-35.421007777777774
211,"232 ",248.79166666666663,-39.58333333333333,10.0,250.9352683333333,-39.823002222222215
212,"233 ",249.12499999999997,-35.166666666666664,37.0,251.1892872222222,-35.40297833333333
213,"234 ",249.62499999999997,-30.249999999999996,18.0,251.61065999999997,-30.48103444444444
214,"235 ",249.5333333333333,-44.24999999999999,7.0,251.77670416666663,-44.480620833333326
215,"236 ",250.24999999999997,-29.58333333333333,,252.22681638888886,-29.807240833333328
216,"237 ",250.24999999999997,-29.749999999999996,37.0,252.2293644444444,-29.97389305555555
217,"238 ",251.2083333333333,-22.916666666666664,13.0,253.09083499999997,-23.13005805555555
218,"239 ",251.74999999999997,-30.91666666666666,15.0,253.7507008333333,-31.123104999999995
219,"240 ",252.74999999999997,-35.166666666666664,20.0,254.82357972222218,-35.36104888888888
220,"241 ",252.87499999999997,-29.999999999999996,12.0,254.86351722222219,-30.19341555555555
221,"242 ",254.24999999999997,-32.24999999999999,19.0,256.2771594444444,-32.42708722222222
222,"243 ",255.4583333333333,-29.416666666666664,25.0,257.4421194444444,-29.579770833333328
223,"244 ",255.74999999999997,-28.249999999999996,25.0,257.71620388888886,-28.409759999999995
224,"245 ",255.99999999999997,-29.249999999999996,8.0,257.98199027777775,-29.40670944444444
225,"246 ",256.12499999999994,-22.499999999999996,15.0,258.0080341666666,-22.65581055555555
226,"247 ",256.2833333333333,-30.099999999999994,4.0,258.2791044444444,-30.25327222222222
227,"248 ",256.29166666666663,-28.83333333333333,10.0,258.26759861111105,-28.98662333333333
228,"249 ",256.29166666666663,-28.999999999999996,13.0,258.27018222222216,-29.153274999999997
229,"250 ",256.29166666666663,-28.249999999999996,15.0,258.25862027777777,-28.403343055555553
230,"251 ",256.60416666666663,-19.999999999999996,13.0,258.45349027777775,-20.150329166666666
231,"252 ",256.79999999999995,-31.999999999999996,20.0,258.8273302777777,-32.14695638888888
232,"253 ",256.99999999999994,-22.416666666666664,60.0,258.8827583333333,-22.562099166666663
233,"254 ",258.12499999999994,-29.999999999999996,40.0,260.1216633333333,-30.131363611111105
234,"255 ",258.24999999999994,-23.33333333333333,5.0,260.1468077777777,-23.463796944444443
235,"256 ",258.575,-28.699999999999996,50.0,260.5517211111111,-28.826108611111106
236,"257 ",258.60416666666663,-35.49999999999999,15.0,260.6946919444444,-35.62508444444444
237,"258 ",258.66666666666663,-34.599999999999994,40.0,260.74119138888886,-34.72443222222222
238,"259 ",258.66666666666663,-19.166666666666664,30.0,260.50641055555553,-19.29249222222222
239,"260 ",259.275,-25.499999999999996,10.0,261.2040233333333,-25.618018611111108
240,"261 ",259.37499999999994,-22.916666666666664,10.0,261.26685638888887,-23.03370861111111
241,"262 ",259.49999999999994,-22.499999999999996,30.0,261.3860797222222,-22.615578888888887
242,"263 ",259.49999999999994,-42.66666666666666,30.0,261.73523972222216,-42.78016555555555
243,"264 ",259.87499999999994,-25.416666666666664,10.0,261.80331638888885,-25.52749833333333
244,"265 ",259.97916666666663,-25.08333333333333,12.0,261.9026736111111,-25.192944166666663
245,"266 ",260.16666666666663,-20.833333333333332,30.0,262.0300383333333,-20.94105222222222
246,"267 ",260.2083333333333,-25.116666666666664,4.0,262.1325122222222,-25.223522777777774
247,"268 ",260.99999999999994,-20.416666666666664,75.0,262.8581458333333,-20.514402499999996
248,"269 ",261.16666666666663,-22.666666666666664,60.0,263.05623749999995,-22.76220944444444
249,"270 ",261.3333333333333,-19.499999999999996,11.0,263.17915722222216,-19.593798055555553
250,"271 ",261.49999999999994,-34.166666666666664,120.0,263.5702219444444,-34.25711444444444
251,"272 ",262.49999999999994,-23.33333333333333,45.0,264.39981527777775,-23.41274333333333
252,"273 ",262.5666666666666,-33.26666666666666,15.0,264.62211138888887,-33.344337499999995
253,"274 ",262.62499999999994,-22.65,18.0,264.515135,-22.727959166666665
254,"275 ",262.7083333333333,-32.24999999999999,13.0,264.74650305555554,-32.32606388888888
255,"276 ",263.06249999999994,-19.749999999999996,45.0,264.9124833333333,-19.82291583333333
256,"277 ",263.29166666666663,-22.999999999999996,18.0,265.18708861111105,-23.06987305555555
257,"278 ",263.62499999999994,-32.24999999999999,15.0,265.6637897222222,-32.31497972222222
258,"279 ",264.24999999999994,-22.499999999999996,60.0,266.13867277777774,-22.558319444444443
259,"280 ",264.37499999999994,-20.666666666666664,60.0,266.2380219444444,-20.72362694444444
260,"281 ",264.79166666666663,-23.666666666666664,,266.69722249999995,-23.718323611111106
261,"282 ",265.24999999999994,-23.416666666666664,18.0,267.1520794444444,-23.462789444444443
262,"283 ",265.74999999999994,-33.83333333333333,75.0,267.8171480555555,-33.87239611111111
263,"284 ",265.74999999999994,-14.333333333333332,25.0,267.52875527777775,-14.374136944444443
264,"285 ",266.12499999999994,-12.833333333333332,15.0,267.8845230555555,-12.86970361111111
265,"286 ",266.16666666666663,-35.58333333333333,15.0,268.2653997222222,-35.617149444444436
266,"287 ",266.5208333333333,-35.166666666666664,30.0,268.61205527777776,-35.19622944444444
267,"288 ",267.15,-37.06666666666666,2.0,269.27673277777774,-37.08837499999999
268,"289 ",267.16666666666663,-28.999999999999996,25.0,269.1534472222222,-29.022352777777773
269,"290 ",267.7083333333333,-37.133333333333326,3.0,269.83640999999994,-37.14825194444444
270,"291 ",267.86249999999995,-33.883333333333326,5.0,269.9309530555555,-33.896739999999994
271,"292 ",268.0833333333333,-33.33333333333333,60.0,270.1421591666666,-33.344115555555554
272,"293 ",268.2083333333333,-35.33333333333333,18.0,270.30280722222216,-35.34238083333333
273,"294 ",268.3958333333333,-28.599999999999994,3.0,270.37634388888887,-28.60745944444444
274,"295 ",268.99999999999994,-31.16666666666666,50.0,271.02197027777777,-31.16653444444444
275,"296 ",269.09999999999997,-24.53333333333333,4.0,271.01865749999996,-24.532611666666664
276,"297 ",269.24999999999994,-18.749999999999996,75.0,271.08721611111105,-18.74794861111111
277,"298 ",269.29166666666663,-30.099999999999994,4.0,271.2960975,-30.096430277777774
278,"299 ",269.62499999999994,-27.299999999999997,,271.5851536111111,-27.29264833333333
279,"300 ",269.7083333333333,-32.666666666666664,,271.75549138888886,-32.65777555555555
280,"301 ",270.37499999999994,-18.716666666666665,30.0,272.2116133333333,-18.700951666666665
281,"302 ",270.3958333333333,-23.98333333333333,30.0,272.3062513888888,-23.96691833333333
282,"303 ",270.4583333333333,-24.016666666666662,1.0,272.36922277777774,-23.99948972222222
283,"304 ",271.49999999999994,-18.749999999999996,,273.3368225,-18.720622222222218
284,"305 ",271.62499999999994,-31.83333333333333,13.0,273.6573858333333,-31.801254722222218
285,"306 ",271.99999999999994,-25.749999999999996,4.0,273.93598388888887,-25.713953888888884
286,"307 ",272.8333333333333,-17.999999999999996,6.0,274.6596588888888,-17.954509444444444
287,"308 ",272.9,-22.28333333333333,6.0,274.7852247222222,-22.23667861111111
288,"309 ",273.87499999999994,-24.08333333333333,5.0,275.78555027777776,-24.02471305555555
289,"310 ",275.7208333333333,-18.666666666666664,2.0,277.55481999999995,-18.58619444444444
290,"311 ",275.79166666666663,-17.749999999999996,6.0,277.61336416666666,-17.66874722222222
291,"312 ",276.24999999999994,-15.666666666666664,75.0,278.04408388888885,-15.580051944444442
292,"313 ",277.1916666666666,-15.783333333333331,15.0,278.98676666666665,-15.685372499999998
293,"314 ",277.54999999999995,-9.816666666666665,35.0,279.2694530555555,-9.714851388888887
294,"315 ",278.72499999999997,-20.15,5.0,280.57695749999993,-20.033291666666663
295,"316 ",278.8333333333333,-2.2499999999999996,6.0,280.46052611111105,-2.1333394444444442
296,"317 ",279.66666666666663,-14.333333333333332,20.0,281.4416466666666,-14.205821388888888
297,"318 ",280.74999999999994,-6.533333333333332,60.0,282.4281836111111,-6.393481388888888
298,"319 ",281.37499999999994,-1.4166666666666665,7.0,282.99188361111106,-1.2697488888888886
299,"320 ",281.525,-5.999999999999999,15.0,283.19650388888886,-5.850976944444444
300,"321 ",281.7708333333333,-11.449999999999998,13.0,283.5084005555555,-11.297668888888888
301,"322 ",282.29166666666663,-4.616666666666666,2.0,283.94639972222217,-4.458657777777777
302,"323 ",282.74999999999994,-3.5833333333333326,17.0,284.3923358333333,-3.4199797222222217
303,"324 ",283.2083333333333,-3.166666666666666,30.0,284.8456288888888,-2.9979349999999996
304,"325 ",283.325,-4.2333333333333325,15.0,284.9748844444444,-4.063152499999999
305,"326 ",284.24999999999994,-0.5666666666666665,20.0,285.8565166666666,-0.3858661111111111
306,"327 ",284.45,-5.3166666666666655,25.0,286.112335,-5.1331927777777775
307,"328 ",284.5541666666666,-4.433333333333333,4.0,286.2060452777777,-4.248700277777777
308,"329 ",285.1833333333333,2.9999999999999996,6.0,286.7480661111111,3.191481944444444
309,"330 ",288.37499999999994,7.333333333333332,30.0,289.88996,7.561493055555554
310,"331 ",289.99999999999994,7.333333333333332,40.0,291.5157327777777,7.580054999999999
311,"332 ",290.49999999999994,8.499999999999998,,292.00250722222216,8.75231722222222
312,"333 ",290.74999999999994,10.416666666666666,60.0,292.2303647222222,10.671686666666664
313,"334 ",292.31249999999994,12.049999999999999,3.0,293.7750944444444,12.32248611111111
314,"335 ",292.7083333333333,7.333333333333332,6.0,294.2255138888888,7.610544166666665
315,"336 ",292.7083333333333,12.066666666666665,2.0,294.1711175,12.343572777777776
316,"337 ",292.79166666666663,12.116666666666665,3.0,294.25394916666664,12.394498333333331
317,"338 ",294.2416666666666,7.166666666666666,8.0,295.7616211111111,7.460879444444443
318,"339 ",294.49999999999994,7.999999999999999,60.0,296.01078138888886,8.29700361111111
319,"340 ",295.7083333333333,11.099999999999998,7.0,297.1852291666666,11.410027777777776
320,"341 ",296.32499999999993,33.96666666666666,30.0,297.50530999999995,34.281769722222215
321,"342 ",301.29166666666663,40.83333333333333,4.0,302.3782166666666,41.20050083333333
322,"343 ",302.24999999999994,39.89999999999999,13.0,303.3584469444444,40.27711833333333
323,"344 ",302.93749999999994,39.83333333333333,7.0,304.0508969444444,40.21746944444444
324,"345 ",304.24999999999994,46.16666666666666,15.0,305.2510791666666,46.56343555555555
325,"346 ",305.62499999999994,43.33333333333333,10.0,306.69187999999997,43.74403416666666
326,"347 ",305.97916666666663,39.49999999999999,1.0,307.1157083333333,39.91450805555555
327,"348 ",307.49999999999994,41.666666666666664,60.0,308.60945805555554,42.09573888888888
328,"349 ",310.74999999999994,43.49999999999999,6.0,311.8506744444444,43.95941277777777
329,"350 ",311.2083333333333,45.41666666666666,3.0,312.2779969444444,45.88010638888888
330,"351 ",312.0666666666666,46.93333333333333,20.0,313.11478999999997,47.40440361111111
331,"352 ",313.2083333333333,45.41666666666666,22.0,314.2947747222222,45.89802166666666
332,"353 ",313.24999999999994,44.99999999999999,9.0,314.3442530555555,45.48175499999999
333,"354 ",313.74999999999994,57.66666666666666,60.0,314.5544983333333,58.15152472222221
334,"355 ",313.7708333333333,42.699999999999996,5.0,314.9084283333333,43.1864911111111
335,"356 ",313.91666666666663,46.199999999999996,24.0,314.9950422222222,46.68749833333332
336,"357 ",314.0833333333333,55.08333333333333,30.0,314.9668380555555,55.57142999999999
337,"358 ",315.2708333333333,42.783333333333324,20.0,316.4190608333333,43.282733611111105
338,"359 ",315.8333333333333,56.66666666666666,20.0,316.6955675,57.169599999999996
339,"360 ",316.0833333333333,55.99999999999999,54.0,316.96743638888887,56.50511916666666
340,"361 ",317.0958333333333,46.91666666666666,20.0,318.1907658333333,47.431034444444435
341,"362 ",319.91666666666663,49.66666666666666,15.0,320.9906230555555,50.20340611111111
342,"363 ",320.12499999999994,48.39999999999999,40.0,321.22434527777773,48.938445555555546
343,"364 ",322.49999999999994,53.99999999999999,75.0,323.5185466666666,54.555963333333324
344,"365 ",322.74999999999994,56.16666666666666,22.0,323.7227938888888,56.72428527777777
345,"366 ",324.16666666666663,58.99999999999999,10.0,325.0893955555555,59.56757055555555
346,"367 ",325.10416666666663,56.599999999999994,5.0,326.10217527777775,57.174344722222216
347,"368 ",326.74999999999994,58.39999999999999,14.0,327.73161861111106,58.98534583333333
348,"369 ",332.8333333333333,55.39999999999999,5.0,333.9772405555555,56.0224011111111
349,"370 ",337.49999999999994,55.99999999999999,,338.7113694444444,56.64583833333332
