Cluster,RAJ2000,DEJ2000,Diam
"Melotte 22",56.74999999999999,24.116666666666664,120.0
"Melotte 31",79.54166666666666,33.37361111111111,135.0
"Collinder 62",80.72083333333332,41.08083333333333,35.0
"Melotte 20",51.07916666666666,49.86166666666666,300.0
"Collinder 34",44.845833333333324,60.566666666666656,25.0
"Collinder 464",78.1625,73.97472222222221,120.0
"Collinder 463",26.437499999999996,71.80999999999999,57.0
"Collinder 285",220.27499999999998,69.56666666666666,1400.0
"Collinder 416",302.8958333333333,26.53444444444444,8.0
"Collinder 404",295.6166666666666,23.087777777777774,0.8
"Collinder 419",304.52916666666664,40.73194444444444,4.0
"Collinder 421",305.79166666666663,41.69305555555555,3.6
"Collinder 428",315.79999999999995,44.58333333333333,10.0
"Collinder 471",331.775,71.99999999999999,130.0
"Collinder 427",315.15416666666664,68.15972222222221,4.0
"Collinder 121",104.08333333333331,-24.72944444444444,60.0
"Melotte 71",114.37499999999999,-12.066666666666665,7.0
"Melotte 72",114.59999999999998,-10.683333333333332,5.0
"Collinder 467",114.82499999999999,-10.549999999999999,2.0
"Collinder 466",106.73333333333332,-10.714999999999998,4.0
"Collinder 465",106.71666666666665,-10.538333333333332,9.0
"Collinder 96",97.57499999999999,2.8666666666666663,12.0
"Collinder 91",95.42499999999998,2.3666666666666663,13.0
"Collinder 115",101.62499999999999,1.7666666666666664,10.0
"Collinder 110",99.59999999999998,2.0166666666666666,18.0
"Collinder 107",99.42499999999998,4.7333333333333325,29.0
"Collinder 104",99.12499999999999,4.816666666666666,20.0
"Collinder 106",99.27499999999999,5.949999999999999,35.0
"Collinder 97",97.82499999999999,5.916666666666666,25.0
"Collinder 111",99.67499999999998,6.899999999999999,3.0
"Collinder 70",83.87499999999999,-1.0999999999999999,140.0
"Melotte 25",66.725,15.866666666666665,330.0
"Collinder 92",95.72499999999998,5.116666666666666,11.0
"Collinder 95",97.71249999999999,9.94361111111111,27.0
"Collinder 74",87.16666666666666,7.3583333333333325,6.0
"Collinder 69",83.77499999999999,9.933333333333332,70.0
"Collinder 65",81.52499999999999,16.700277777777774,220.0
"Collinder 89",94.49999999999999,23.63333333333333,60.0
"Melotte 111",186.27499999999998,26.099999999999998,120.0
"Collinder 345",266.1458333333333,-33.86666666666666,5.0
"Collinder 333",262.8791666666666,-34.01666666666666,7.0
"Collinder 347",266.575,-29.33333333333333,10.0
"Collinder 351",267.24999999999994,-28.73583333333333,8.4
"Collinder 468",271.6458333333333,-27.459999999999997,0.9
"Collinder 367",272.4625,-23.82833333333333,40.0
"Collinder 394",283.0666666666666,-20.20333333333333,22.0
"Collinder 469",274.14166666666665,-18.311666666666664,3.0
"Collinder 401",294.5875,0.34527777777777774,1.0
"Collinder 350",267.025,1.2999999999999998,39.0
"Collinder 359",270.275,2.8999999999999995,240.0
"Melotte 101",160.54999999999998,-65.1,15.0
"Melotte 105",169.92499999999998,-63.48333333333333,5.0
"Collinder 228",160.99999999999997,-60.08666666666666,14.0
"Collinder 223",158.06666666666663,-60.01999999999999,18.0
"Collinder 220",156.46666666666664,-57.926666666666655,9.5
"Collinder 205",135.13333333333333,-48.98333333333333,5.0
"Collinder 240",167.91666666666666,-60.30972222222221,32.0
"Collinder 236",164.21249999999998,-61.11666666666666,10.0
"Collinder 232",161.16249999999997,-59.559999999999995,4.0
"Collinder 213",148.67916666666665,-50.91666666666666,17.0
"Melotte 66",111.59583333333332,-47.66666666666666,14.0
"Collinder 173",120.70416666666665,-46.383333333333326,370.0
"Collinder 197",131.21249999999998,-41.23333333333333,25.0
"Collinder 185",125.83749999999998,-36.33333333333333,10.0
"Collinder 135",109.32083333333331,-36.81666666666666,50.0
"Collinder 140",111.11249999999998,-31.849999999999994,60.0
"Collinder 132",108.83333333333331,-30.68333333333333,80.0
"Collinder 198",131.325,-31.766666666666662,5.0
"Collinder 196",131.24999999999997,-31.63333333333333,3.0
"Collinder 187",126.05416666666665,-29.166666666666664,5.0
"Collinder 292",237.5333333333333,-57.61666666666666,14.0
"Collinder 277",207.09999999999997,-66.06666666666666,15.0
"Collinder 261",189.48749999999998,-68.36666666666666,9.0
"Collinder 268",199.55416666666665,-67.08333333333333,5.0
"Collinder 269",200.87916666666663,-66.18333333333332,15.0
"Collinder 271",202.47499999999997,-64.19999999999999,5.0
"Collinder 272",202.6083333333333,-61.316666666666656,10.0
"Collinder 275",203.66249999999997,-60.19999999999999,11.0
"Collinder 307",248.8333333333333,-50.99999999999999,5.0
"Collinder 338",264.5875,-37.71666666666666,20.0
"Collinder 316",253.87499999999997,-40.83333333333333,100.0
"Collinder 302",246.5333333333333,-26.249999999999996,500.0
"Collinder 257",186.19166666666663,-60.886666666666656,5.0
