recno,HCG,RA1950,DE1950,Dyna,Type,MCount,AngSize,Totmag,Emag,z,Aname1,Aname2,Aname3,Aname4,_RA_icrs,_DE_icrs
1,1,5.845833333333332,25.441388888888884,*,"S3",4,2.9,12.8,13.8,,"U248  ","      ","      ","      ",6.500840833333332,25.71814555555555
2,2,7.229166666666666,8.155277777777776,*,"S2",4,7.1,12.1,12.9,,"U312  ","      ","      ","      ",7.875173055555554,8.431261944444444
3,3,7.912499999999999,-7.86861111111111,*,"S2",4,3.8,12.3,13.0,,"      ","      ","      ","      ",8.54776111111111,-7.593053055555554
4,4,7.9416666666666655,-21.722222222222218,*,"S1",5,3.6,12.5,13.0,,"      ","      ","      ","      ",8.56652611111111,-21.446659166666663
5,5,9.079166666666666,6.788888888888888,*,"S2",4,1.6,12.5,13.3,,"N190  ","U397  ","      ","      ",9.725361388888887,7.063549999999999
6,6,9.158333333333331,-8.669999999999998,*,"E3",4,1.6,12.3,13.4,,"      ","      ","      ","      ",9.792126388888887,-8.395371666666666
7,7,9.208333333333332,0.603611111111111,*,"E2",4,5.7,11.4,12.1,,"N192  ","U401  ","      ","      ",9.84959861111111,0.878181111111111
8,8,11.737499999999999,23.30861111111111,*,"E2",4,1.2,12.3,13.2,,"      ","      ","      ","      ",12.403412777777776,23.580830277777775
9,9,12.962499999999999,-23.82222222222222, ,"E1",4,2.1,13.1,13.6,,"      ","      ","      ","      ",13.575130277777776,-23.55120444444444
10,10,20.82083333333333,34.43138888888888,*,"S3",4,10.9,10.1,10.9,,"N536  ","U1013 ","      ","      ",21.530757499999996,34.69094833333333
11,11,21.04583333333333,-23.490555555555552, ,"S1",4,4.9,12.1,12.5,,"      ","      ","      ","      ",21.64271361111111,-23.23120222222222
12,12,21.25833333333333,-4.929444444444444,*,"E1",5,2.6,12.9,13.4,,"      ","      ","      ","      ",21.890386388888885,-4.67052861111111
13,13,22.466666666666665,-8.137777777777776,*,"E2",5,2.5,13.3,14.0,,"      ","      ","      ","      ",23.092146388888885,-7.881067222222221
14,14,29.324999999999996,-7.270555555555554,*,"S3",4,6.7,12.1,13.0,,"      ","      ","      ","      ",29.948367499999996,-7.028553055555554
15,15,31.266666666666662,1.9011111111111108,*,"E3",6,7.7,11.7,13.3,,"U1624 ","      ","      ","      ",31.912443055555553,2.138267222222222
16,16,31.774999999999995,-10.398888888888887,*,"S3",4,6.4,10.2,11.4,,"ARP318","N835  ","      ","      ",32.38881055555555,-10.162975833333332
17,17,32.849999999999994,13.080277777777775,*,"E3",5,1.0,13.7,15.0,,"      ","      ","      ","      ",33.52636527777777,13.313255833333331
18,18,39.07916666666666,18.168055555555554, ,"S2",4,2.0,12.7,13.4,,"ARP258","VV143 ","U2140 ","      ",39.77817999999999,18.38308111111111
19,19,40.08749999999999,-12.623888888888887, ,"E3",4,3.1,12.1,13.0,,"      ","      ","      ","      ",40.688067499999995,-12.411808888888887
20,20,40.33333333333333,25.89194444444444,*,"S3",6,1.5,13.0,14.5,,"      ","      ","      ","      ",41.062481111111104,26.102989999999995
21,21,40.74166666666666,-17.82944444444444,*,"S3",5,10.8,10.1,11.0,,"N1099 ","      ","      ","      ",41.32386805555555,-17.619401666666665
22,22,45.29583333333333,-15.870555555555553,*,"E1",5,5.0,10.5,11.1,,"N1199 ","      ","      ","      ",45.880269722222216,-15.675695555555553
23,23,46.17083333333333,-9.777222222222221,*,"S3",5,7.1,11.2,12.1,,"N1214 ","      ","      ","      ",46.77700722222222,-9.585468333333331
24,24,49.47916666666666,-11.044444444444443,*,"E2",4,2.4,12.7,13.6,,"      ","      ","      ","      ",50.07862666666666,-10.864645833333332
25,25,49.54583333333333,-1.2313888888888886,*,"S3",7,6.4,11.8,12.9,,"      ","      ","      ","      ",50.182198888888884,-1.0519188888888886
26,26,49.887499999999996,-13.824166666666665,*,"S2",4,1.9,12.7,13.3,,"      ","      ","      ","      ",50.4758386111111,-13.645863333333331
27,27,64.24999999999999,-11.829444444444443,*,"S3",5,3.8,14.0,15.1,,"      ","      ","      ","      ",64.8382125,-11.70976222222222
28,28,66.2375,-10.427499999999998,*,"S1",4,1.2,13.2,13.7,,"      ","      ","      ","      ",66.83134444444444,-10.3166225
29,29,68.20416666666665,-30.64944444444444,*,"S2",4,0.8,14.8,15.2,,"      ","      ","      ","      ",68.69161388888888,-30.547140277777775
30,30,68.49166666666666,-2.9330555555555553,*,"S3",4,4.5,11.6,12.4,,"      ","      ","      ","      ",69.11918194444443,-2.8323919444444443
31,31,74.78333333333332,-4.328333333333333,*,"S2",4,0.9,13.5,14.3,,"      ","      ","      ","      ",75.40372055555555,-4.256704999999999
32,32,74.86249999999998,-15.491388888888887,*,"E1",4,3.0,12.7,13.3,,"      ","      ","      ","      ",75.4286736111111,-15.419997499999997
33,33,76.97083333333332,17.973611111111108,*,"E3",4,2.1,12.4,13.5,,"      ","      ","      ","      ",77.6996886111111,18.034645555555553
34,34,79.77499999999999,6.6291666666666655,*,"E1",4,1.2,12.7,13.1,,"      ","      ","      ","      ",80.4475686111111,6.676982222222222
35,35,130.48333333333332,44.70388888888888,*,"S3",6,2.2,12.4,13.6,,"      ","      ","      ","      ",131.33146805555555,44.52161638888888
36,36,136.65416666666664,15.999166666666664, ,"S1",4,1.9,12.5,12.9,,"      ","      ","      ","      ",137.34882805555554,15.795571666666664
37,37,137.64999999999998,30.221111111111107,*,"E2",5,3.2,11.5,12.1,,"      ","      ","      ","      ",138.39859194444443,30.014171944444442
38,38,141.23333333333332,12.498888888888887,*,"S3",4,2.9,12.5,13.8,,"      ","      ","      ","      ",141.9119372222222,12.280808055555553
39,39,141.73333333333332,-1.1249999999999998,*,"E2",4,1.0,13.9,15.1,,"      ","      ","      ","      ",142.37023722222222,-1.3445344444444443
40,40,144.09999999999997,-4.625555555555555,*,"E2",6,1.7,11.4,12.5,,"      ","      ","      ","      ",144.72716638888886,-4.851962777777777
41,41,148.62916666666663,45.47805555555555, ,"S1",4,4.1,11.9,12.4,,"U5345 ","      ","      ","      ",149.4148447222222,45.239416111111105
42,42,149.49999999999997,-19.40861111111111,*,"E1",4,6.0,10.6,10.9,,"N3091 ","      ","      ","      ",150.0909211111111,-19.649234722222218
43,43,152.16666666666666,0.21527777777777773,*,"S2",5,3.5,12.4,13.3,,"      ","      ","      ","      ",152.80747944444443,-0.031633333333333326
44,44,153.81249999999997,22.062777777777775,*,"S2",4,16.4,9.3,10.0,0.004,"ARP316","      ","      ","      ",154.50198194444442,21.812250555555554
45,45,153.95416666666665,59.36055555555555,*,"S1",4,3.4,13.5,14.0,,"U5564 ","      ","      ","      ",154.79697777777776,59.109600833333324
46,46,154.82916666666665,18.0675,*,"E3",4,3.6,12.3,13.8,,"      ","      ","      ","      ",155.5076297222222,17.814865833333332
47,47,155.7833333333333,13.986111111111109,*,"S1",4,2.3,12.5,12.9,,"U5644 ","      ","      ","      ",156.45175138888888,13.731569999999998
48,48,163.34999999999997,-26.820277777777775,*,"E1",4,5.0,11.6,12.1,,"      ","      ","      ","      ",163.9507647222222,-27.087455277777774
49,49,163.325,67.44638888888888,*,"E2",4,0.9,14.4,15.2,,"      ","      ","      ","      ",164.15203555555553,67.17920222222222
50,50,168.5583333333333,55.191666666666656,*,"E2",5,0.7,14.4,15.5,,"      ","      ","      ","      ",169.27552416666666,54.91853055555555
51,51,169.92499999999998,24.567499999999995,*,"E2",6,4.5,11.5,12.6,,"N3651 ","U6388 ","      ","      ",170.58703249999996,24.29315555555555
52,52,170.92083333333332,21.364166666666662,*,"S1",4,3.2,12.8,13.4,,"      ","      ","      ","      ",171.57791527777775,21.089042499999998
53,53,171.58749999999998,21.05194444444444,*,"S1",4,12.9,11.5,12.2,,"N3697 ","U6479 ","      ","      ",172.2430947222222,20.77634611111111
54,54,171.6583333333333,20.854166666666664,*,"E2",4,0.7,14.3,15.0,,"ROSE27","I700  ","U6487 ","      ",172.3136447222222,20.578519999999997
55,55,172.28749999999997,71.08805555555554,*,"E3",5,0.9,13.4,14.9,0.052,"ARP329","VV172 ","U6514 ","      ",173.03108666666665,70.81201999999999
56,56,172.4458333333333,53.22472222222221,*,"S3",5,2.1,12.2,13.1,0.027,"ARP322","VV150 ","U6527 ","      ",173.13296749999998,52.9485961111111
57,57,173.8083333333333,22.261944444444442,*,"S2",8,5.5,11.4,12.6,,"ARP320","VV282 ","U6602 ","      ",174.46053527777775,21.985038888888887
58,58,174.90416666666664,10.594444444444443,*,"S3",5,8.8,12.6,13.5,,"N3825 ","U6668 ","      ","      ",175.5490811111111,10.317029722222221
59,59,176.46249999999998,13.004166666666665,*,"E3",5,2.1,12.5,13.5,,"ROSE7 ","      ","      ","      ",177.10670805555554,12.72622861111111
60,60,180.1333333333333,51.97138888888888,*,"E2",4,2.3,13.4,14.4,,"      ","      ","      ","      ",180.77117388888885,51.6930711111111
61,61,182.46666666666664,29.45583333333333,*,"E3",4,3.8,9.9,11.1,,"ROSE10","N4169 ","U7202 ","      ",183.0997247222222,29.177809999999997
62,62,192.6333333333333,-8.952777777777776,*,"E3",4,3.7,11.6,12.4,,"      ","      ","      ","      ",193.28398916666663,-9.224098888888888
63,63,194.85416666666663,-32.49944444444444,*,"S3",4,2.9,13.1,13.9,,"      ","      ","      ","      ",195.5415772222222,-32.76815638888888
64,64,200.7833333333333,-3.598055555555555,*,"S2",4,1.7,13.4,14.4,,"      ","      ","      ","      ",201.43054805555553,-3.857779722222222
65,65,201.77499999999998,-29.241666666666664,*,"E1",5,1.7,12.7,13.6,,"      ","      ","      ","      ",202.47469861111108,-29.499609722222218
66,66,204.17916666666665,57.55777777777777,*,"E1",4,1.0,13.8,14.5,,"VV135 ","      ","      ","      ",204.63975416666665,57.30434027777777
67,67,206.6083333333333,-6.957222222222221,*,"E3",4,3.3,11.6,12.5,,"      ","      ","      ","      ",207.26469222222218,-7.205425555555554
68,68,207.89166666666665,40.57333333333333,*,"E3",5,9.2,9.5,10.5,0.008,"N5353 ","      ","      ","      ",208.42036138888886,40.32793861111111
69,69,208.29999999999998,25.30722222222222,*,"S2",4,1.9,12.2,13.1,,"VV281 ","U8842 ","      ","      ",208.87804916666664,25.06280833333333
70,70,210.5083333333333,33.56694444444444,*,"S2",6,3.4,12.1,13.2,,"      ","      ","      ","      ",211.05492027777774,33.32781666666666
71,71,212.19999999999996,25.71972222222222,*,"S1",4,5.0,12.8,13.3,,"I4381 ","U9073 ","      ","      ",212.76905666666664,25.48492333333333
72,72,221.40416666666664,19.26722222222222,*,"E3",5,1.8,11.9,13.2,0.043,"ARP328","VV165 ","U9532 ","      ",221.98053138888886,19.05936472222222
73,73,225.11249999999995,23.549166666666665,*,"S1",5,4.8,12.5,13.0,,"ARP42 ","VV7   ","N5829 ","U9673 ",225.66724499999998,23.353687777777775
74,74,229.3083333333333,21.074166666666663,*,"E2",5,1.9,12.1,12.9,,"VV139 ","      ","      ","      ",229.8677594444444,20.893717499999998
75,75,229.83333333333331,21.36194444444444,*,"E3",6,2.2,12.4,13.5,,"      ","      ","      ","      ",230.39089305555552,21.183441666666663
76,76,232.31249999999997,7.4769444444444435,*,"S3",5,3.3,12.3,13.6,,"      ","      ","      ","      ",232.9245269444444,7.307937222222221
77,77,236.77499999999998,21.979722222222218, ,"E3",4,0.8,13.8,14.8,,"U10049","      ","      ","      ",237.32180611111107,21.82832194444444
78,78,237.06249999999997,68.35888888888888, ,"S3",4,3.5,12.7,13.5,,"U10057","      ","      ","      ",237.11651472222218,68.20768666666666
79,79,239.25416666666663,20.892777777777773,*,"E3",5,1.3,11.3,12.6,0.015,"VV115 ","N6027 ","U10116","      ",239.80365222222218,20.75162833333333
80,80,239.6833333333333,65.3661111111111,*,"E2",4,1.7,12.6,13.3,,"      ","      ","      ","      ",239.80142694444442,65.22588583333332
81,81,243.9708333333333,12.914999999999997,*,"E3",4,0.9,13.3,14.5,,"U10319","      ","      ","      ",244.55434861111107,12.794124444444442
82,82,246.61666666666665,32.93305555555555,*,"E2",4,3.1,12.2,13.1,,"N6162 ","U10403","      ","      ",247.09195166666663,32.823659166666665
83,83,248.3083333333333,6.371388888888888,*,"E3",4,1.9,13.8,14.8,,"      ","      ","      ","      ",248.92036527777773,6.269884444444443
84,84,251.6208333333333,77.92527777777777,*,"E3",6,2.4,13.5,14.7,,"      ","      ","      ","      ",251.03359472222218,77.83618638888888
85,85,282.8583333333333,73.2886111111111,*,"E3",4,1.3,12.8,13.6,,"      ","      ","      ","      ",282.59303527777774,73.34994194444444
86,86,297.2083333333333,-30.954999999999995,*,"E2",4,4.0,12.3,13.2,,"      ","      ","      ","      ",297.9967077777777,-30.825983888888885
87,87,311.3333333333333,-20.02583333333333,*,"S1",4,1.5,12.4,12.9,,"      ","      ","      ","      ",312.0494802777777,-19.840636666666665
88,88,312.4333333333333,-5.946944444444443,*,"S3",4,5.2,11.3,12.2,0.02,"N6978 ","      ","      ","      ",313.09503138888886,-5.75789861111111
89,89,319.3916666666666,-4.121388888888888,*,"S2",4,4.8,13.7,14.6,,"      ","      ","      ","      ",320.04504249999997,-3.908988055555555
90,90,329.7958333333333,-32.20833333333333,*,"E3",4,7.4,9.1,10.1,0.009,"N7172 ","      ","      ","      ",330.52343111111105,-31.96679555555555
91,91,331.59166666666664,-28.02166666666666,*,"S1",4,5.2,11.7,12.3,,"      ","      ","      ","      ",332.30172222222217,-27.77592972222222
92,92,338.4291666666666,33.70638888888888,*,"S2",5,3.2,11.1,12.0,0.02,"ARP319","VV288 ","N7320 ","U12101",339.0021488888888,33.96576638888889
93,93,348.22916666666663,18.710277777777776,*,"E3",5,9.0,10.9,12.0,,"ARP99 ","N7550 ","U12456","      ",348.8509913888888,18.983111666666662
94,94,348.69583333333327,18.446388888888887,*,"E1",7,2.8,12.3,13.1,,"ARP170","N7578 ","U12478","      ",349.3186894444444,18.719665277777775
95,95,349.24999999999994,9.218055555555555,*,"E3",4,1.5,11.9,13.1,,"ARP150","VV20  ","N7609 ","      ",349.88239611111106,9.491850555555555
96,96,351.3583333333333,8.49861111111111,*,"S2",4,2.3,11.5,12.0,,"ARP182","VV343 ","N7674 ","U12608",351.99290999999994,8.774077499999999
97,97,356.2208333333333,-2.583333333333333,*,"E2",5,5.2,11.5,12.4,,"      ","      ","      ","      ",356.86224083333326,-2.305423611111111
98,98,357.91249999999997,0.09499999999999999,*,"E2",4,2.4,11.5,12.2,0.026,"ARP323","VV208 ","N7783 ","U12837",358.5531527777777,0.37327999999999995
99,99,359.54166666666663,28.110555555555553,*,"S2",4,2.4,12.2,13.0,,"U12896","      ","      ","      ",0.18199416666666665,28.388922499999996
100,100,359.69583333333327,12.854166666666664,*,"S1",4,3.6,11.5,12.1,,"N7803 ","U12906","      ","      ",0.33653722222222215,13.132558333333332
