id,main_id,ra,dec,galdim_majaxis,otype
"Cl Melotte    2","NGC   188",11.797916666666667,85.24388888888889,32.6,"OpC"
"Cl Melotte    5","NGC   371",15.854166666666668,-72.07333333333332,,"OpC"
"Cl Melotte   12","NGC   752",29.22291666666667,37.79388888888889,58.2,"OpC"
"Cl Melotte   13","NGC   869",34.74083333333333,57.13388888888889,16.3,"OpC"
"Cl Melotte   14","NGC   884",35.58416666666667,57.14888888888889,15.0,"OpC"
"Cl Melotte   15","IC 1805",38.21,61.47111111111111,13.3,"OpC"
"Cl Melotte   18","NGC  1245",48.69083333333334,47.23500000000001,13.1,"OpC"
"Cl Melotte   22","Cl Melotte   22",56.600833333333334,24.11388888888889,76.86,"OpC"
"Cl Melotte   25","Cl Melotte   25",67.44708333333334,16.948055555555555,,"OpC"
"Cl Melotte   29","NGC  1807",77.703,16.522,15.0,"OpC"
"Cl Melotte   31","Cl Melotte   31",79.54166,33.37361,,"OpC"
"Cl Melotte   39","NGC  2126",90.65791666666667,49.88305555555556,12.0,"OpC"
"Cl Melotte   40","NGC  2158",91.86208333333333,24.09888888888889,5.3,"OpC"
"Cl Melotte   42","NGC  2192",93.82083333333333,39.84666666666668,5.4,"OpC"
"Cl Melotte   43","NGC  2194",93.44000000000003,12.813055555555556,9.0,"OpC"
"Cl Melotte   44","NGC  2204",93.88208333333333,-18.67,11.8,"OpC"
"Cl Melotte   46","NGC  2243",97.39500000000001,-31.28194444444444,5.5,"OpC"
"Cl Melotte   50","NGC  2266",100.83208333333333,26.97611111111111,5.5,"OpC"
"Cl Melotte   51","NGC  2281",102.09083333333332,41.05999999999999,50.0,"OpC"
"Cl Melotte   59","NGC  2324",106.03291666666667,1.0461111111111112,8.3,"OpC"
"Cl Melotte   63","NGC  2355",109.24708333333335,13.771944444444442,7.0,"OpC"
"Cl Melotte   64","NGC  2360",109.44291666666668,-15.631111111111112,18.5,"OpC"
"Cl Melotte   66","Cl Melotte   66",111.57291666666667,-47.684999999999995,10.6,"OpC"
"Cl Melotte   69","NGC  2420",114.60208333333331,21.575,6.4,"OpC"
"Cl Melotte   70","NGC  2423",114.29916666666666,-13.863055555555555,32.2,"OpC"
"Cl Melotte   71","Cl Melotte   71",114.38291666666667,-12.065000000000001,9.0,"OpC"
"Cl Melotte   72","Cl Melotte   72",114.6179166666667,-10.698055555555555,6.4,"OpC"
"Cl Melotte   73","NGC  2432",115.22291666666669,-19.078055555555554,7.4,"OpC"
"Cl Melotte   78","NGC  2477",118.04583333333332,-38.53694444444444,18.0,"OpC"
"Cl Melotte   80","NGC  2506",120.01000000000002,-10.773055555555555,10.6,"OpC"
"Cl Melotte   81","NGC  2509",120.20083333333334,-19.056111111111107,7.2,"OpC"
"Cl Melotte   83","NGC  2539",122.65791666666667,-12.833888888888888,22.4,"OpC"
"Cl Melotte   87","NGC  2627",129.30916666666667,-29.951944444444443,10.4,"OpC"
"Cl Melotte   88","NGC  2632",130.05416666666665,19.62111111111111,118.2,"OpC"
"Cl Melotte   89","NGC  2635",129.61916666666664,-34.77694444444445,6.8,"OpC"
"Cl Melotte   92","NGC  2660",130.66708333333332,-47.20111111111111,4.2,"OpC"
"Cl Melotte   96","NGC  2818",139.04416666666668,-36.62388888888889,9.4,"OpC"
"Cl Melotte  100","NGC  3293",158.97,-58.231111111111105,13.0,"OpC"
"Cl Melotte  101","Cl Melotte  101",160.535,-65.11,16.3,"OpC"
"Cl Melotte  102","IC 2602",160.61291666666665,-64.42611111111111,173.9,"OpC"
"Cl Melotte  105","Cl Melotte  105",169.92,-63.486111111111114,6.5,"OpC"
"Cl Melotte  106","NGC  3680",171.39208333333332,-43.24000000000001,17.9,"OpC"
"Cl Melotte  108","NGC  3960",177.64416666666668,-55.678888888888885,8.5,"OpC"
"Cl Melotte  109","NGC  4103",181.62791666666664,-61.245,13.8,"OpC"
"Cl Melotte  111","Cl Melotte  111",186.01416666666668,25.651944444444442,,"OpC"
"Cl Melotte  114","NGC  4755",193.415,-60.37111111111111,10.3,"OpC"
"Cl Melotte  120","NGC  5281",206.61416666666665,-62.91611111111111,7.0,"OpC"
"Cl Melotte  130","NGC  5822",226.05083333333332,-54.36611111111111,44.2,"OpC"
"Cl Melotte  131","NGC  5823",226.36499999999998,-55.60805555555556,16.1,"OpC"
"Cl Melotte  137","NGC  5999",238.04583333333335,-56.48194444444445,17.38,"OpC"
"Cl Melotte  138","NGC  6005",238.95499999999993,-57.43888888888888,6.8,"OpC"
"Cl Melotte  140","NGC  6067",243.29916666666662,-54.226944444444456,13.4,"OpC"
"Cl Melotte  146","NGC  6134",246.95291666666662,-49.16111111111111,6.0,"OpC"
"Cl Melotte  156","NGC  6253",254.77791666666667,-52.71194444444445,7.2,"OpC"
"Cl Melotte  166","Cl Melotte  166",,,,"OpC"
"Cl Melotte  169","IC 4651",261.21208333333334,-49.916944444444454,27.6,"OpC"
"Cl Melotte  179","IC 4665",266.5541666666667,5.614999999999999,60.7,"OpC"
"Cl Melotte  186","Cl Melotte  186",270.59791666666666,3.26,187.4,"OpC"
"Cl Melotte  197","NGC  6603",274.6158333333334,-18.408888888888892,6.0,"OpC"
"Cl Melotte  210","IC 4756",279.6491666666667,5.435,64.1,"OpC"
"Cl Melotte  213","NGC  6705",282.7658333333334,-6.271944444444443,8.9,"OpC"
"Cl Melotte  222","NGC  6811",294.3399999999999,46.378055555555555,22.8,"OpC"
"Cl Melotte  223","NGC  6819",295.32708333333323,40.19,11.4,"OpC"
"Cl Melotte  227","Cl Melotte  227",304.2,-79.04,,"OpC"
"Cl Melotte  229","NGC  6866",300.98291666666665,44.15805555555555,12.5,"OpC"
"Cl Melotte  231","NGC  6939",307.91708333333327,60.653055555555554,14.8,"OpC"
"Cl Melotte  232","NGC  6940",308.62583333333333,28.278055555555554,30.0,"OpC"
"Cl Melotte  239","IC 1434",332.625,52.858055555555566,10.9,"OpC"
"Cl Melotte  244","NGC  7762",357.47208333333333,68.035,20.4,"OpC"
"Cl Melotte  245","NGC  7789",359.3341666666666,56.72611111111111,25.3,"OpC"
