recno,RCW,GLON,GLAT,RAB1950,DEB1950,MajAxis,MinAxis,Br,IDs,Rem,_RA_icrs,_DE_icrs
1,1,225.0,-0.6,106.99999999999999,-11.949999999999998,150,150,"m ","NGC2327; HS111,113,114;G2,3",*,107.58410944444444,-12.03274861111111
2,2,223.8,-1.9,105.49999999999999,-10.45,14,14,"b ","IC2177;HS109;G1",R,106.09097777777777,-10.525776944444443
3,3,224.2,1.2,108.49999999999999,-9.299999999999999,4,4,"b ","HS115", ,109.09720027777776,-9.389708611111109
4,4,224.4,3.2,110.37499999999999,-8.499999999999998,60,60,"f "," ", ,110.97641499999999,-8.59829361111111
5,5,227.8,-0.2,109.02499999999999,-13.149999999999999,8,8,"b ","NGC2359; HS116; G4",R,109.6039647222222,-13.242078888888887
6,6,231.6,-4.3,106.99999999999999,-18.4,12,10,"b ","G5",R,107.55191888888888,-18.482674999999997
7,7,232.6,0.9,112.37499999999999,-16.849999999999998,17,15,"m ","(NGC2409?); G6",R,112.93749249999999,-16.957240277777775
8,8,233.9,-0.1,112.07499999999999,-18.449999999999996,3,2,"b "," ", ,112.62939944444443,-18.55587583333333
9,9,234.4,-12.2,100.74999999999999,-24.33333333333333,90,30,"f "," ",R,101.2668261111111,-24.38648861111111
10,10,234.4,-0.2,112.24999999999999,-18.9,18,14,"f "," ", ,112.80225333333331,-19.00665722222222
11,11,234.6,-10.0,102.99999999999999,-23.58333333333333,60,20,"f "," ",R,103.52208777777777,-23.647190555555554
12,12,234.7,0.9,113.42499999999998,-18.699999999999996,6,3,"b ","G7", ,113.9790047222222,-18.8119125
13,13,234.8,-0.1,112.52499999999999,-19.299999999999997,12,10,"m "," ",R,113.07541833333332,-19.407886388888887
14,14,235.6,-4.1,109.24999999999999,-21.83333333333333,6,4,"m ","(NGC2367)",R,109.78518499999998,-21.926345555555553
15,15,237.5,-7.3,106.99999999999999,-24.999999999999996,300,300,"f "," ",R,107.51635111111109,-25.082593888888887
16,16,243.3,0.6,117.79999999999998,-26.249999999999996,33,33,"b ","(NGC2467); G9",R,118.31905888888888,-26.380963888888886
17,17,243.5,-1.0,116.34999999999998,-27.21666666666666,2,2,"b "," ", ,116.86219944444443,-27.341356388888887
18,18,250.3,-2.2,119.29999999999998,-33.699999999999996,1,1,"b "," ", ,119.77859944444442,-33.83726972222222
19,19,253.8,-0.5,123.37499999999999,-35.699999999999996,48,40,"b ","G10",R,123.84847777777776,-35.85412944444444
20,20,254.5,0.0,124.37499999999999,-35.99999999999999,10,10,"m ","NGC2579; G11",R,124.84859999999998,-36.15815388888888
21,21,257.6,0.6,127.19999999999999,-38.166666666666664,1,1,"b "," ", ,127.66627111111109,-38.33591111111111
22,22,258.1,12.1,138.37499999999997,-31.16666666666666,45,45,"m "," ",R,138.90384999999998,-31.375651111111107
23,23,258.5,1.4,128.74999999999997,-38.349999999999994,2,1,"b "," ", ,129.21880388888886,-38.525168611111106
24,24,258.7,-1.4,125.89999999999998,-40.199999999999996,3,2,"f "," ", ,126.34996472222221,-40.36415333333333
25,25,259.2,1.3,129.225,-39.03333333333333,2,1,"b "," ", ,129.69073388888887,-39.21028527777777
26,26,259.7,2.9,131.14999999999998,-38.449999999999996,3,3,"m "," ", ,131.6241633333333,-38.63408916666666
27,27,260.1,0.5,129.12499999999997,-40.199999999999996,100,100,"m ","G14",R,129.5830658333333,-40.37656277777777
28,28,260.1,-3.4,124.89999999999998,-42.55,2,1,"b "," ", ,125.33091527777776,-42.71016638888889
29,29,260.2,-3.3,124.99999999999999,-42.533333333333324,2,2,"b ","G13", ,125.43129444444443,-42.69389777777777
30,30,260.2,-3.1,125.27499999999998,-42.48333333333333,2,2,"b ","G13",R,125.70736833333332,-42.64498999999999
31,31,260.7,-3.2,125.57499999999999,-42.91666666666666,3,2,"b "," ",R,126.0049697222222,-43.07950388888888
32,32,261.6,0.9,130.74999999999997,-41.14999999999999,27,27,"m ","G15",R,131.2062861111111,-41.33259527777777
33,33,263.0,1.4,132.37499999999997,-41.89999999999999,95,80,"m ","G17",R,132.83108083333332,-42.08848388888888
34,34,264.4,1.4,133.6,-42.93333333333333,2,2,"b ","G19", ,134.05306388888886,-43.12615194444444
35,35,264.6,0.1,132.42499999999998,-43.91666666666666,30,30,"m ","G18", ,132.86772333333332,-44.105307222222216
36,36,265.2,1.4,134.37499999999997,-43.55,12,6,"m ","G20",R,134.82647027777776,-43.74551611111111
37,37,267.0,0.1,134.62499999999997,-45.74999999999999,13,3,"f ","Part of NGC2736",R,135.06222138888887,-45.94635638888888
38,38,268.0,-1.0,134.37499999999997,-47.26666666666666,40,40,"m ","G22,23,24",R,134.80019638888888,-47.46213999999999
39,39,269.2,-1.1,135.475,-48.199999999999996,2,2,"b "," ", ,135.89726,-48.39924055555555
40,40,269.3,-1.4,135.24999999999997,-48.449999999999996,8,8,"b ","G25",R,135.66944555555554,-48.64847055555555
41,41,270.3,0.8,138.7,-47.74999999999999,8,4,"m "," ", ,139.13840333333332,-47.95989527777777
42,42,274.1,-1.3,140.6,-51.89999999999999,9,7,"b ","G26",R,141.01530138888887,-52.11581499999999
43,43,277.2,-3.8,141.37499999999997,-55.89999999999999,2,2,"b ","NGC2899; G27",R,141.7588822222222,-56.118131388888884
44,44,277.8,-3.6,142.39999999999998,-56.08333333333333,2,2,"f "," ", ,142.78796805555552,-56.30453277777777
45,45,282.2,-0.1,152.49999999999997,-56.14999999999999,16,16,"f "," ", ,152.9494461111111,-56.39750805555555
46,46,282.4,-1.3,151.49999999999997,-57.24999999999999,15,15,"f "," ", ,151.93450194444443,-57.49522666666666
47,47,283.0,-2.7,150.87499999999997,-58.69999999999999,25,20,"m "," ", ,151.29307888888886,-58.94375444444444
48,48,283.5,-1.0,153.49999999999997,-57.599999999999994,15,10,"b ","NGC3199; G28",R,153.94540166666664,-57.84969472222222
49,49,284.3,-0.3,155.49999999999997,-57.44999999999999,90,35,"b ","(NGC3247); G29",R,155.96040499999998,-57.70386055555555
50,50,284.3,0.4,156.12499999999997,-56.89999999999999,12,12,"m "," ",R,156.59347416666665,-57.15510166666666
51,51,286.0,0.5,159.02499999999998,-57.69999999999999,12,12,"b "," ",R,159.50887916666665,-57.96043944444444
52,52,287.2,0.4,160.87499999999997,-58.29999999999999,15,15,"b ","BBW22500; G32",R,161.3689719444444,-58.56349527777777
53,53,287.4,-0.9,159.99999999999997,-59.49999999999999,210,210,"vb","NGC3293,3324,IC2599;BBW22500;",*,160.4799408333333,-59.76207777777777
54,54,289.4,-0.6,164.49999999999997,-60.099999999999994,210,60,"m ","(NGC3503)?(NGC3572)?G34,5,6,7",*,165.0125897222222,-60.36867916666666
55,55,290.4,-3.0,163.54999999999998,-62.74999999999999,8,8,"m "," ",R,164.03884083333332,-63.01741416666666
56,56,291.1,-2.1,165.825,-62.19999999999999,2,1,"m "," ", ,166.33783333333332,-62.47030277777777
57,57,291.6,-0.5,168.12499999999997,-60.93333333333332,170,40,"m ","NGC3603; G38,a,b",R,168.66426111111107,-61.20611916666666
58,58,292.4,-4.9,166.075,-65.3,7,7,"m "," ", ,166.57155749999998,-65.57058583333333
59,59,293.0,4.5,173.74999999999997,-56.66666666666666,180,150,"m "," ",R,174.34649166666665,-56.94364194444444
60,60,293.7,-1.4,171.62499999999997,-62.49999999999999,50,50,"b ","IC2872; BBW2620; G39,40",R,172.1898672222222,-62.77570805555555
61,61,294.2,-2.3,172.075,-63.49999999999999,15,15,"b ","G41",R,172.64088999999998,-63.77600888888888
62,62,294.8,-1.5,173.74999999999997,-62.89999999999999,80,80,"b ","IC2944,8; BBW26201;G42",R,174.33379333333332,-63.17697777777777
63,63,297.6,10.3,184.24999999999997,-51.99999999999999,250,40,"f "," ",*,184.91927416666664,-52.277583333333325
64,64,299.4,-0.3,184.17499999999998,-62.68333333333332,3,2,"b "," ", ,184.85834277777775,-62.9609536111111
65,65,301.0,1.2,187.87499999999997,-61.29999999999999,11,6,"m ","G43",R,188.58888361111107,-61.575615555555544
66,66,301.1,0.9,188.14999999999998,-61.64999999999999,2,1,"m ","G44", ,188.8674419444444,-61.92541999999999
67,67,301.2,0.8,188.24999999999997,-61.74999999999999,4,4,"m "," ", ,188.9686697222222,-62.02534749999999
68,68,301.7,1.0,189.32499999999996,-61.599999999999994,15,15,"f "," ", ,190.05281638888886,-61.874513333333326
69,69,302.2,0.3,190.37499999999997,-62.29999999999999,5,3,"m ","G45", ,191.11510666666663,-62.5736036111111
70,70,302.7,-1.0,191.39999999999998,-63.566666666666656,1,1,"b "," ", ,192.15566527777776,-63.83929138888888
71,71,302.9,1.3,191.82499999999996,-61.29999999999999,4,3,"b ","G46", ,192.57373555555552,-61.572197222222215
72,72,303.2,1.6,192.57499999999996,-60.99999999999999,2,2,"f "," ", ,193.32887666666664,-61.271400833333324
73,73,303.4,1.4,192.99999999999997,-61.19999999999999,2,2,"m "," ", ,193.75851583333332,-61.47092805555555
74,74,305.2,0.0,196.94999999999996,-62.54999999999999,15,12,"f "," ",R,197.7514308333333,-62.815816666666656
75,75,306.3,0.2,199.12499999999997,-62.24999999999999,18,13,"m ","BBW27300; G48a",R,199.94362027777774,-62.51245972222221
76,76,307.2,-3.5,202.44999999999996,-65.74999999999999,3,2,"b ","NGC5189; G47",R,203.33256444444442,-66.00656083333332
77,77,307.6,-5.0,203.84999999999997,-67.16666666666666,1,1,"b "," ", ,204.76459666666665,-67.42047388888888
78,78,307.9,0.2,202.62499999999997,-61.99999999999999,45,30,"f ","BBW27500; G48b",R,203.47181444444442,-62.25625944444444
79,79,308.7,0.6,204.12499999999997,-61.49999999999999,9,5,"m ","BBW27600; G48c", ,204.97990499999997,-61.75330944444443
80,80,309.3,-0.5,205.87499999999997,-62.39999999999999,21,10,"m ","BBW27700; G48d", ,206.75304805555552,-62.64963388888888
81,81,310.6,0.6,207.97499999999997,-61.099999999999994,1,1,"m "," ", ,208.85693749999996,-61.34493749999999
82,82,311.0,0.4,208.92499999999998,-61.19999999999999,5,4,"b "," ",R,209.81535166666663,-61.442696944444435
83,83,311.9,-0.5,211.24999999999997,-61.83333333333332,60,50,"f ","BBW27901", ,212.1653786111111,-62.0702586111111
84,84,312.6,-2.7,214.09999999999997,-63.66666666666666,1,1,"m "," ", ,215.06161444444442,-63.89595999999999
85,85,313.5,-0.4,214.24999999999997,-61.16666666666666,25,20,"f ","BBW28100",R,215.18011777777775,-61.39558694444444
86,86,315.0,-2.3,218.87499999999997,-62.44999999999999,3,3,"m "," ",R,219.85581055555554,-62.66531055555555
87,87,320.2,0.8,225.24999999999997,-57.316666666666656,2,2,"b "," ", ,226.20263527777774,-57.511079444444434
88,88,320.2,0.5,225.67499999999995,-57.599999999999994,3,2,"b "," ", ,226.6333397222222,-57.792918611111105
89,89,320.4,-1.0,227.37499999999997,-58.76666666666666,4,4,"f "," ", ,228.35749055555553,-58.95349999999999
90,90,321.0,2.2,225.37499999999997,-55.76666666666666,1,1,"m "," ",*,226.3103694444444,-55.960672499999994
91,91,321.2,-0.5,228.12499999999997,-58.01666666666666,11,10,"f ","BBW28801",R,229.10146555555554,-58.2007911111111
92,92,322.2,0.6,228.62499999999997,-56.49999999999999,8,5,"f ","BBW28900", ,229.5848283333333,-56.6823236111111
93,93,322.6,-2.5,232.42499999999995,-58.89999999999999,2,2,"m "," ",R,233.43525749999998,-59.067876388888884
94,94,326.2,0.9,234.24999999999997,-53.99999999999999,20,20,"f ","BBW29400a",R,235.2045458333333,-54.160821666666656
95,95,326.7,0.8,234.92499999999995,-53.783333333333324,3,2,"b ","BBW29400c", ,235.87961916666663,-53.941464999999994
96,96,326.9,-1.0,237.22499999999997,-55.099999999999994,2,2,"f "," ",R,238.20410749999996,-55.24875583333333
97,97,327.1,-0.5,236.92499999999995,-54.599999999999994,6,5,"m ","BBW29401", ,237.89677638888887,-54.750001111111104
98,98,327.6,-0.8,237.87499999999997,-54.49999999999999,6,5,"b ","BBW29501; G49",R,238.8489861111111,-54.64608583333332
99,99,328.7,-0.5,239.69999999999996,-53.58333333333333,4,2,"b ","G50", ,240.66905222222218,-53.72180416666666
100,100,329.1,2.0,236.92499999999995,-51.36666666666666,1,1,"m "," ",R,237.85999777777775,-51.51674027777777
101,101,331.7,-1.0,243.14999999999998,-51.89999999999999,2,2,"b "," ",R,244.1096133333333,-52.02369972222221
102,102,331.9,-1.0,243.49999999999997,-51.79999999999999,12,8,"b ","BBW29902", ,244.45941666666664,-51.922173611111106
103,103,332.4,-0.4,243.32499999999996,-50.99999999999999,5,3,"b "," ", ,244.2749433333333,-51.12295749999999
104,104,332.9,-1.4,245.04999999999995,-51.39999999999999,20,20,"m "," ", ,246.00887194444442,-51.515360833333325
105,105,332.9,1.8,241.57499999999996,-48.99999999999999,45,35,"b ","BBW30000; G51", ,242.49930861111108,-49.13058388888888
106,106,332.9,-0.6,244.24999999999997,-50.79999999999999,35,20,"m "," ",R,245.20012222222218,-50.91890722222222
107,107,336.4,-0.2,247.44999999999996,-48.04999999999999,8,4,"b ","NGC6164,5; G52",R,248.3783283333333,-48.154712222222216
108,108,336.5,-1.3,248.74999999999997,-48.66666666666666,210,120,"f ","(NGC6193); BBW30402; G53",R,249.6872408333333,-48.76547805555555
109,109,339.7,-0.3,250.74999999999997,-45.64999999999999,2,2,"b "," ",R,251.66081611111107,-45.7397236111111
110,110,340.9,-0.8,252.49999999999997,-44.99999999999999,7,3,"b ","G54",R,253.40733861111107,-45.08163888888888
111,111,341.1,-1.0,252.87499999999997,-44.99999999999999,5,3,"b ","G54",R,253.78286055555552,-45.0798936111111
112,112,341.7,5.6,246.74999999999997,-40.199999999999996,2,2,"b "," ", ,247.6080383333333,-40.308008333333326
113,113,342.7,1.8,251.24999999999997,-41.99999999999999,360,300,"m ","(NGC6231); BBW31100; G55",R,252.12912805555553,-42.087490277777775
114,114,343.9,-4.7,259.49999999999994,-44.99999999999999,330,330,"f "," ",R,260.41516388888886,-45.04856583333333
115,115,344.4,7.3,247.39999999999998,-37.099999999999994,4,2,"m "," ", ,248.2361105555555,-37.20513638888888
116,117,345.5,-1.0,256.54999999999995,-41.55,2,2,"b "," ", ,257.4314597222222,-41.612690833333325
117,118,347.3,-0.5,257.49999999999994,-39.8,2,2,"m "," ", ,258.3678480555555,-39.858215277777774
118,119,347.7,1.9,255.32499999999996,-37.99999999999999,180,145,"m ","(NGC6281); BBW31500; G57,a,b; E1",R,256.17685722222217,-38.06854444444444
119,120,348.3,0.5,257.24999999999994,-38.39999999999999,6,6,"b ","G58; E2",R,258.10658527777775,-38.45942861111111
120,121,348.4,-1.1,258.87499999999994,-39.24999999999999,3,2,"m ","E5", ,259.7395027777777,-39.301671666666664
121,122,348.9,-1.1,259.275,-38.89999999999999,2,2,"m "," ", ,260.137005,-38.9497661111111
122,123,349.5,-0.8,259.45,-38.14999999999999,75,75,"f ","NGC6337; G59; E6",R,260.3062547222222,-38.198942222222215
123,124,349.6,1.1,257.59999999999997,-36.99999999999999,3,2,"m ","NGC6302; E3; G60", ,258.4462175,-37.05778944444444
124,125,350.0,0.2,258.74999999999994,-37.14999999999999,8,8,"f "," ", ,259.59815749999996,-37.202306388888886
125,126,350.6,1.0,258.37499999999994,-36.3,16,4,"m ","BBW31800a", ,259.21658499999995,-36.35411055555555
126,127,351.4,0.7,259.24999999999994,-35.8,50,25,"b ","NGC6334; BBW31800b; E7; HS119",*,260.08849361111106,-35.84994
127,128,351.4,-0.1,260.09999999999997,-36.24999999999999,10,10,"f "," ", ,260.9422933333333,-36.29586166666666
128,129,351.9,12.7,248.49999999999997,-27.999999999999996,180,180,"m "," ",R,249.27914472222218,-28.100288611111107
129,130,352.4,2.1,258.54999999999995,-34.099999999999994,30,30,"m ","E4",R,259.3759658333333,-34.15331194444444
130,131,353.2,0.7,260.49999999999994,-34.3,170,55,"b ","(NGC6357); BBW32100; HS120; G66",*,261.3284608333333,-34.34397527777777
131,132,355.4,0.2,262.49999999999994,-32.699999999999996,110,80,"m ","(NGC6383); BBW32301; HS121; G67",*,263.31825638888887,-32.734376111111104
132,133,355.9,1.5,261.49999999999994,-31.599999999999994,45,40,"m ","BBW32300; E10; G68",R,262.3104708333333,-31.63921166666666
133,134,358.5,-1.9,266.525,-31.23333333333333,60,50,"m ","BBW32603; E17; G69",R,267.3344105555555,-31.24824972222222
134,135,359.0,-0.7,265.59999999999997,-30.199999999999996,2,2,"m "," ", ,266.40247638888883,-30.219419722222217
135,136,359.0,-3.6,268.59999999999997,-31.66666666666666,1,1,"m "," ",R,269.4124883333333,-31.67149833333333
136,137,359.8,-0.2,265.65,-29.299999999999997,18,18,"b ","BBW32801; E13",R,266.44669472222216,-29.31919083333333
137,138,0.1,0.2,265.42499999999995,-28.816666666666663,8,4,"m ","E12",R,266.2185877777777,-28.83695555555555
138,139,0.1,-0.3,265.95,-29.033333333333328,2,2,"m ","E14", ,266.74504777777776,-29.051073333333328
139,140,0.2,-0.4,266.04999999999995,-29.033333333333328,12,12,"f ","BBW32701; E16",R,266.8450633333333,-29.05058833333333
140,141,0.4,-0.2,265.99999999999994,-28.766666666666662,6,4,"f ","E15", ,266.79336777777775,-28.78416805555555
141,142,0.6,-0.7,266.62499999999994,-28.83333333333333,2,2,"b ","E18", ,267.41887555555553,-28.847801111111107
142,143,3.5,2.1,265.62499999999994,-24.899999999999995,7,6,"m ","Near NGC6432", ,266.39474249999995,-24.919375277777775
143,144,4.4,0.5,267.67499999999995,-24.999999999999996,85,65,"f ","BBW33201; HS123; E19; G71",R,268.44554416666665,-25.009424722222217
144,145,6.6,0.1,269.24999999999994,-23.249999999999996,90,35,"f ","HS 124; E20; G74a,b", ,270.01038249999993,-23.251796388888884
145,146,6.6,-1.5,270.74999999999994,-23.999999999999996,120,90,"b ","NGC6523(M8), 6559; BBW33402",*,271.5146822222222,-23.994496944444442
146,147,7.2,-0.2,269.87499999999994,-22.899999999999995,16,16,"b ","NGC6514(M20); HS125; E22; G76",R,270.63336555555554,-22.898763888888887
147,148,8.2,0.6,269.62499999999994,-21.58333333333333,2,2,"b "," ", ,270.3759011111111,-21.583329999999997
148,149,8.7,-0.6,270.99999999999994,-21.749999999999996,120,30,"m ","HS129; E24; G77a", ,271.7517883333333,-21.743313055555554
149,150,9.3,0.3,270.525,-20.799999999999997,2,2,"b "," ",R,271.2714972222222,-20.79563333333333
150,151,11.0,-1.8,273.37499999999994,-20.416666666666664,100,35,"f ","NGC6526; HS134; E32,33; G77b",R,274.11912499999994,-20.39846861111111
151,152,12.3,4.3,268.325,-16.316666666666663,2,2,"m "," ",R,269.04725749999994,-16.323047777777777
152,153,12.2,-1.8,273.99999999999994,-19.333333333333332,60,20,"f ","(IC1283,4); BBW33903; HS140;",*,274.73810249999997,-19.31211972222222
153,154,12.7,2.0,270.74999999999994,-16.999999999999996,40,30,"f "," ", ,271.4758505555555,-16.994589166666664
154,155,12.9,0.3,272.325,-17.68333333333333,10,10,"m ","HS133; E31",R,273.0543930555555,-17.67026472222222
155,156,13.7,-0.8,273.74999999999994,-17.499999999999996,50,50,"f ","HS136; E34",R,274.47826638888887,-17.480021388888886
156,157,14.3,0.1,273.29999999999995,-16.599999999999998,60,60,"b ","(IC4701); BBW34101; HS137; G79",*,274.0235441666666,-16.582214444444443
157,158,15.2,3.3,270.87499999999994,-14.199999999999998,23,23,"m ","BBW34201; HS128; E25; G80", ,271.5861783333333,-14.194016388888887
158,159,15.3,-1.8,275.49999999999994,-16.599999999999998,15,15,"m "," ",R,276.2232522222222,-16.571561666666664
159,160,15.4,-0.8,274.62499999999994,-15.999999999999998,70,60,"b ","NGC6618; (IC4706,7); BBW34202",*,275.3452302777777,-15.975801944444441
160,161,16.1,-0.3,274.49999999999994,-15.149999999999999,80,40,"m ","HS143", ,275.2158119444444,-15.126417499999999
161,162,16.7,-0.5,274.99999999999994,-14.666666666666664,22,10,"b ","BBW34401; HS146; E44; G82",R,275.71324361111107,-14.640670277777776
162,163,16.9,-2.3,276.775,-15.399999999999999,10,9,"m "," ", ,277.49176666666665,-15.36542111111111
163,164,16.9,-1.2,275.74999999999994,-14.849999999999998,8,6,"b ","HS148; E46", ,276.46408638888886,-14.820375277777776
164,165,17.0,0.8,273.99999999999994,-13.899999999999999,90,66,"b ","NGC6611; BBW34400; HS142; G83",*,274.7094083333333,-13.87885472222222
165,166,18.4,-0.3,275.65,-13.149999999999999,15,15,"f ","HS147; E45",R,276.3553755555555,-13.120879166666665
166,167,19.0,1.3,274.49999999999994,-11.899999999999999,180,90,"m ","(NGC6604); BBW34600; E41; G84,5", ,275.1991622222222,-11.876457222222221
167,168,21.3,2.5,274.49999999999994,-9.266666666666666,1,1,"b "," ", ,275.1859655555555,-9.243155277777776
168,169,22.0,0.1,277.04999999999995,-9.799999999999999,7,7,"m ","HS150; E48",R,277.73836249999994,-9.764163055555555
169,170,22.6,0.3,277.12499999999994,-9.149999999999999,7,5,"f "," ", ,277.8101347222222,-9.113809444444444
170,171,23.2,0.6,277.15,-8.45,5,5,"m ","HS151; E49", ,277.8316791666666,-8.413697222222222
171,172,24.6,-0.1,278.45,-7.533333333333332,7,7,"f ","HS155?; E53", ,279.12704305555553,-7.490788333333333
172,173,25.4,0.2,278.49999999999994,-6.683333333333333,17,17,"m ","BBW35201; HS154; E52", ,279.1728933333333,-6.640558055555554
173,174,28.8,3.4,277.29999999999995,-2.2166666666666663,5,4,"f ","HS152", ,277.95135277777774,-2.1797136111111106
174,175,29.1,-0.7,281.04999999999995,-3.7999999999999994,7,5,"m ","HS159; E57",R,281.7087580555555,-3.745060555555555
175,176,30.5,0.4,280.67499999999995,-2.0666666666666664,8,8,"m ","HS158; E56", ,281.3254961111111,-2.0135344444444443
176,177,31.9,1.4,280.45,-0.39999999999999997,12,12,"m ","HS156; E55", ,281.0925463888889,-0.3479605555555555
177,178,36.3,-1.2,284.79999999999995,2.3166666666666664,2,2,"m "," ", ,285.4297169444444,2.389270555555555
178,179,36.4,-1.7,285.29999999999995,2.15,20,15,"f "," ", ,285.9305191666666,2.224948611111111
179,180,38.4,3.5,281.575,6.3166666666666655,1,1,"b "," ",R,282.18546555555554,6.3739897222222215
180,181,38.8,2.0,283.075,5.999999999999999,5,5,"f "," ", ,283.6871405555555,6.06443861111111
181,182,40.0,-1.3,286.57499999999993,5.533333333333332,3,3,"m ","E61", ,287.18976277777773,5.614192222222221
