Sh2,RA1900,DE1900,Diam
1,238.19999999999996,-25.83333333333333,150
2,254.32499999999996,-37.99999999999999,60
3,256.72499999999997,-38.383333333333326,12
4,258.22499999999997,-39.23333333333333,5
5,258.29999999999995,-38.349999999999994,100
6,257.075,-36.99999999999999,4
7,238.59999999999997,-22.666666666666664,240
8,258.67499999999995,-35.93333333333333,120
9,243.77499999999998,-25.349999999999998,80
10,258.09999999999997,-33.98333333333333,60
11,259.97499999999997,-34.11666666666666,90
12,262.34999999999997,-32.53333333333333,120
13,260.99999999999994,-31.48333333333333,40
14,260.97499999999997,-30.18333333333333,2
15,266.025,-31.23333333333333,30
16,265.37499999999994,-29.266666666666662,20
17,264.95,-28.816666666666663,25
18,265.59999999999997,-29.21666666666666,4
19,265.74999999999994,-29.08333333333333,12
20,265.72499999999997,-28.63333333333333,10
21,266.325,-28.866666666666664,5
22,267.22499999999997,-25.016666666666662,60
23,241.99999999999997,-8.116666666666665,50
24,241.42499999999995,-6.8166666666666655,30
25,269.825,-24.399999999999995,90
26,268.22499999999997,-23.316666666666663,20
27,247.92499999999995,-10.366666666666665,480
28,269.15,-23.58333333333333,40
29,271.09999999999997,-24.016666666666662,40
30,269.37499999999994,-23.016666666666662,20
31,271.29999999999995,-23.816666666666663,8
32,271.2,-23.666666666666664,8
33,238.67499999999995,-1.333333333333333,35
34,270.09999999999997,-21.666666666666664,90
35,272.47499999999997,-20.28333333333333,20
36,240.09999999999997,0.6666666666666665,45
37,272.95,-19.699999999999996,20
38,270.72499999999997,-18.28333333333333,3
39,272.72499999999997,-18.68333333333333,3
40,271.54999999999995,-17.766666666666666,15
41,272.49999999999994,-18.266666666666666,90
42,271.12499999999994,-16.833333333333332,3
43,272.65,-17.43333333333333,15
44,272.67499999999995,-16.766666666666666,60
45,273.74999999999994,-16.216666666666665,60
46,270.12499999999994,-14.166666666666664,25
47,272.99999999999994,-15.649999999999999,5
48,274.17499999999995,-14.633333333333331,10
49,273.24999999999994,-13.999999999999998,90
50,274.95,-14.766666666666664,35
51,278.74999999999994,-16.65,35
52,295.44999999999993,-23.33333333333333,2
53,274.9,-13.283333333333331,15
54,273.075,-11.766666666666666,140
55,276.65,-11.833333333333332,5
56,276.4,-9.783333333333331,7
57,276.275,-8.683333333333332,2
58,276.49999999999994,-8.533333333333331,8
59,277.9,-7.683333333333333,20
60,277.825,-6.783333333333332,20
61,276.9,-5.083333333333333,2
62,275.575,-3.916666666666666,4
63,298.025,-14.383333333333331,55
64,276.59999999999997,-1.9833333333333332,25
65,280.42499999999995,-3.8499999999999996,7
66,280.075,-2.0999999999999996,8
67,281.04999999999995,-2.4666666666666663,10
68,275.025,0.7999999999999999,8
69,279.825,-0.3833333333333333,20
70,272.45,7.033333333333332,5
71,284.24999999999994,2.0166666666666666,3
72,284.7,2.1666666666666665,25
73,241.69999999999996,22.13333333333333,75
74,285.97499999999997,5.449999999999999,3
75,283.59999999999997,6.9833333333333325,10
76,282.9,7.683333333333333,7
77,295.79999999999995,0.8999999999999999,8
78,284.65,13.98333333333333,12
79,289.67499999999995,13.783333333333331,40
80,286.74999999999994,16.7,2
81,299.12499999999994,11.516666666666666,10
82,291.47499999999997,18.066666666666663,9
83,290.04999999999995,20.599999999999998,2
84,296.15,18.15,15
85,284.79999999999995,25.68333333333333,6
86,294.72499999999997,23.049999999999997,40
87,295.54999999999995,24.38333333333333,10
88,295.44999999999993,25.099999999999998,25
89,296.47499999999997,26.23333333333333,5
90,296.275,26.616666666666664,6
91,292.9,29.38333333333333,120
92,295.65,27.999999999999996,50
93,297.72499999999997,26.949999999999996,1
94,290.99999999999994,31.266666666666662,25
95,297.74999999999994,29.033333333333328,1
96,291.22499999999997,32.48333333333333,25
97,298.025,29.999999999999996,10
98,298.69999999999993,31.149999999999995,15
99,299.24999999999994,33.21666666666666,5
100,299.49999999999994,33.23333333333333,4
101,299.04999999999995,35.01666666666666,20
102,306.92499999999995,30.266666666666662,40
103,311.59999999999997,30.549999999999997,210
104,303.49999999999994,36.43333333333333,7
105,302.09999999999997,38.05,18
106,305.92499999999995,37.06666666666666,3
107,309.72499999999997,35.98333333333333,5
108,304.74999999999994,39.93333333333333,180
109,307.49999999999994,39.99999999999999,1080
110,319.15,32.03333333333333,50
111,324.37499999999994,29.649999999999995,90
112,307.62499999999994,45.31666666666666,15
113,319.19999999999993,37.666666666666664,15
114,319.29999999999995,38.28333333333333,9
115,307.82499999999993,46.533333333333324,50
116,307.275,47.01666666666666,2
117,313.79999999999995,43.93333333333333,240
118,323.24999999999994,39.76666666666666,480
119,318.67499999999995,43.51666666666666,160
120,315.12499999999994,49.48333333333333,1
121,315.47499999999997,49.24999999999999,1
122,345.94999999999993,14.383333333333331,40
123,324.62499999999994,44.08333333333333,13
124,323.69999999999993,49.89999999999999,70
125,327.42499999999995,46.79999999999999,9
126,337.24999999999994,38.06666666666666,160
127,321.37499999999994,54.18333333333332,2
128,322.24999999999994,55.41666666666666,1
129,317.29999999999995,59.54999999999999,140
130,310.29999999999995,62.86666666666666,3
131,323.97499999999997,57.033333333333324,170
132,333.775,55.633333333333326,90
133,321.67499999999995,63.86666666666666,80
134,332.025,58.91666666666666,160
135,334.65,58.23333333333333,15
136,318.74999999999994,67.83333333333333,5
137,328.59999999999997,64.21666666666665,90
138,337.22499999999997,57.96666666666666,1
139,337.79999999999995,57.69999999999999,10
140,333.97499999999997,62.783333333333324,30
141,336.24999999999994,61.133333333333326,5
142,340.9,57.533333333333324,30
143,341.54999999999995,57.18333333333332,4
144,340.24999999999994,59.36666666666666,4
145,335.57499999999993,63.79999999999999,90
146,341.37499999999994,59.39999999999999,2
147,342.84999999999997,57.93333333333332,2
148,343.025,57.98333333333333,2
149,343.07499999999993,57.99999999999999,1
150,336.97499999999997,64.6,40
151,344.69999999999993,56.533333333333324,20
152,343.62499999999994,58.24999999999999,2
153,343.775,58.19999999999999,5
154,341.87499999999994,60.64999999999999,60
155,343.19999999999993,62.08333333333332,60
156,345.24999999999994,59.71666666666666,2
157,347.92499999999995,59.49999999999999,90
158,347.34999999999997,60.96666666666666,10
159,347.84999999999997,60.599999999999994,7
160,345.44999999999993,64.13333333333333,80
161,347.79999999999995,61.316666666666656,55
162,349.07499999999993,60.64999999999999,40
163,352.17499999999995,60.23333333333333,10
164,353.42499999999995,59.41666666666666,3
165,353.775,61.383333333333326,10
166,354.34999999999997,60.41666666666666,10
167,352.69999999999993,64.3,2
168,357.025,59.91666666666666,7
169,357.24999999999994,59.816666666666656,5
170,359.15,64.06666666666666,20
171,359.87499999999994,66.6,180
172,2.5499999999999994,60.69999999999999,1
173,4.1,61.18333333333332,30
174,355.65,80.38333333333333,10
175,5.424999999999999,64.14999999999999,2
176,6.5249999999999995,56.73333333333333,10
177,6.474999999999999,61.91666666666666,40
178,338.525,87.24999999999999,420
179,8.649999999999999,62.316666666666656,1
180,10.7,62.383333333333326,15
181,10.799999999999999,64.66666666666666,15
182,11.049999999999999,64.19999999999999,2
183,11.949999999999998,65.16666666666666,35
184,11.749999999999998,56.066666666666656,40
185,13.474999999999998,60.44999999999999,120
186,15.624999999999998,62.599999999999994,1
187,19.15,61.33333333333332,10
188,21.049999999999997,57.849999999999994,9
189,31.149999999999995,63.69999999999999,2
190,36.449999999999996,60.99999999999999,150
191,37.3,59.19999999999999,2
192,39.849999999999994,61.566666666666656,1
193,39.925,61.58333333333332,2
194,39.87499999999999,61.51666666666666,2
195,38.14999999999999,59.21666666666666,3
196,40.849999999999994,61.816666666666656,4
197,38.599999999999994,59.21666666666666,5
198,40.599999999999994,59.283333333333324,9
199,41.699999999999996,59.99999999999999,120
200,45.62499999999999,62.43333333333332,6
201,43.824999999999996,60.08333333333332,5
202,47.724999999999994,59.26666666666666,170
203,48.62499999999999,54.51666666666666,45
204,56.92499999999999,57.133333333333326,40
205,57.12499999999999,52.89999999999999,120
206,58.92499999999999,51.04999999999999,50
207,63.07499999999999,52.89999999999999,4
208,62.99999999999999,52.73333333333333,1
209,60.87499999999999,50.89999999999999,14
210,65.8,52.33333333333333,20
211,67.32499999999999,50.73333333333333,2
212,68.24999999999999,50.18333333333332,5
213,63.39999999999999,44.68333333333333,1
214,63.62499999999999,44.133333333333326,4
215,62.64999999999999,42.36666666666666,2
216,69.39999999999999,46.633333333333326,80
217,72.82499999999999,47.849999999999994,9
218,83.32499999999999,52.133333333333326,70
219,72.17499999999998,47.23333333333333,3
220,58.52499999999999,36.33333333333333,320
221,73.57499999999999,46.199999999999996,120
222,65.89999999999999,35.05,6
223,77.52499999999999,42.099999999999994,70
224,80.02499999999999,42.883333333333326,30
225,79.99999999999999,40.533333333333324,10
226,76.07499999999999,37.86666666666666,3
227,78.24999999999999,38.849999999999994,20
228,76.69999999999999,37.33333333333333,8
229,77.42499999999998,34.349999999999994,65
230,78.975,34.03333333333333,300
231,83.14999999999999,35.86666666666666,12
232,83.92499999999998,36.14999999999999,40
233,82.99999999999999,35.73333333333333,2
234,80.37499999999999,34.349999999999994,12
235,83.57499999999999,35.8,10
236,78.99999999999999,33.26666666666666,55
237,81.19999999999999,34.199999999999996,7
238,63.99999999999999,19.299999999999997,1
239,66.37499999999999,17.9,5
240,83.67499999999998,28.049999999999997,180
241,89.42499999999998,30.249999999999996,10
242,86.39999999999999,26.98333333333333,7
243,83.32499999999999,23.23333333333333,6
244,82.12499999999999,21.88333333333333,5
245,59.32499999999999,3.8499999999999996,720
246,74.12499999999999,13.949999999999998,65
247,90.62499999999999,21.63333333333333,9
248,92.64999999999999,22.53333333333333,50
249,93.72499999999998,23.13333333333333,80
250,68.69999999999999,7.166666666666666,10
251,66.87499999999999,5.6499999999999995,35
252,90.92499999999998,20.516666666666662,40
253,94.94999999999999,20.083333333333332,5
254,91.62499999999999,18.066666666666663,11
255,91.82499999999999,17.999999999999996,3
256,91.69999999999999,17.966666666666665,1
257,91.74999999999999,17.999999999999996,3
258,91.92499999999998,17.949999999999996,1
259,91.44999999999999,17.466666666666665,2
260,72.44999999999999,5.499999999999999,22
261,90.79999999999998,15.816666666666665,45
262,75.35,6.033333333333332,20
263,79.07499999999999,8.299999999999999,22
264,82.42499999999998,9.866666666666665,390
265,78.29999999999998,7.333333333333332,70
266,93.27499999999999,15.316666666666665,1
267,92.54999999999998,14.299999999999997,4
268,91.14999999999999,13.349999999999998,60
269,92.22499999999998,13.849999999999998,4
270,91.14999999999999,12.833333333333332,1
271,92.32499999999999,12.383333333333331,2
272,92.34999999999998,12.366666666666665,1
273,98.82499999999999,9.999999999999998,250
274,110.87499999999999,13.466666666666665,8
275,96.59999999999998,4.999999999999999,100
276,80.62499999999999,-4.05,1200
277,83.92499999999998,-2.4999999999999996,120
278,78.725,-5.766666666666666,50
279,82.6,-4.866666666666666,20
280,97.27499999999999,2.6166666666666663,40
281,82.49999999999999,-5.533333333333332,60
282,98.19999999999999,1.5999999999999999,35
283,98.37499999999999,0.7999999999999999,3
284,99.97499999999998,0.33333333333333326,80
285,102.52499999999999,-0.3833333333333333,1
286,102.39999999999999,-4.383333333333333,6
287,103.64999999999999,-4.666666666666666,12
288,105.89999999999999,-4.1499999999999995,1
289,100.27499999999999,-7.2333333333333325,11
290,132.2,9.299999999999999,17
291,102.64999999999999,-7.899999999999999,8
292,104.92499999999998,-10.299999999999999,21
293,104.27499999999999,-11.166666666666664,11
294,107.94999999999999,-9.266666666666666,7
295,104.49999999999999,-11.316666666666665,8
296,105.27499999999999,-11.066666666666665,200
297,105.14999999999999,-12.183333333333332,7
298,108.49999999999999,-13.016666666666666,22
299,111.52499999999999,-15.08333333333333,1
300,111.62499999999999,-15.199999999999998,3
301,106.34999999999998,-18.316666666666663,9
302,111.79999999999998,-16.766666666666666,21
303,102.44999999999999,-22.299999999999997,90
304,99.82499999999999,-24.03333333333333,200
305,111.42499999999998,-18.316666666666663,4
306,111.54999999999998,-18.9,30
307,112.77499999999998,-18.53333333333333,6
308,102.49999999999999,-23.816666666666663,35
309,111.92499999999998,-19.216666666666665,12
310,107.22499999999998,-24.416666666666664,480
311,117.04999999999998,-26.18333333333333,45
312,133.7,-25.299999999999997,720
313,192.04999999999998,-22.316666666666663,12
