VdB,_RA,_DE,BRadMax,RRadMax,DM,HD
1,2.69319,58.76952,4.3,1.1,"BD+57   22",627
2,3.35083,65.61346,1.7,1.1,"BD+64   13",
3,8.6557,69.43461,0.9,0.9,"BD+68   34",3037
4,10.82607,61.91115,4.2,3.1,"BD+61  154",
5,14.17721,60.71674,60.0,60.0,"BD+59  144",5394
6,25.93068,61.83432,0.9,0.9,"BD+61  315",
7,42.23129,69.63429,3.1,3.1,"BD+69  179",17138
8,42.88654,67.81504,2.3,1.7,"BD+67  230",17443
9,42.9948,68.8885,3.7,3.1,"BD+68  200",17463
10,48.94988,57.14062,8.0,5.4,"BD+56  798",20041
11,51.05911,61.53857,3.1,2.3,"BD+61  570",20798
12,51.34966,31.7311,2.3,2.3,"BD+31  597",21110
13,51.45875,30.93171,2.3,,"BD+30  540",
14,52.26722,59.94033,23.0,23.0,"BD+59  660",21291
15,52.4781,58.87875,27.0,17.0,"BD+58  607",21389
16,52.08708,29.79925,4.5,4.5,"BD+29  565",
17,52.33241,31.41585,4.0,4.0,"BD+30  549",
18,53.79947,38.01517,7.1,5.7,"BD+37  794",22114
19,56.14245,32.16282,2.8,2.8,"BD+31  643",281159
20,56.2189,24.11334,11.0,7.1,"BD+23  507",23302
21,56.45669,24.36775,26.0,8.5,"BD+23  516",23408
22,56.58156,23.94836,26.0,17.0,"BD+23  522",23480
23,56.87115,24.10514,17.0,10.0,"BD+23  541",23630
24,57.4014,38.9821,4.5,3.4,"BD+38  811",275877
25,63.10418,23.57457,4.3,4.3,"BD+23  642",26514
26,63.39404,10.21248,5.7,4.3,"BD+09  549",26676
27,65.48921,28.44321,2.8,4.3,"BD+28  645",283571
28,65.49763,19.53512,0.9,6.2,"BD+19  706",284419
29,72.09476,29.773,6.8,5.7,"BD+29  741",30378
30,73.51254,66.34268,20.0,23.0,"BD+66  358",30614
31,73.94102,30.55119,4.5,2.6,"BD+30  741",31293
32,75.59048,44.26957,0.9,,"BD+44 1080",
33,76.71273,-3.33332,0.9,,"BD-03 1013",293815
34,79.07562,34.31232,10.0,,"BD+34  980",34078
35,78.74769,13.01412,0.9,2.0,"BD+12  754",34033
36,78.63447,-8.20164,410.0,410.0,"BD-08 1063",34085
37,79.51701,13.41774,2.0,7.7,"BD+13  852",34454
38,80.43151,8.42856,14.0,11.0,"BD+08  933",34989
39,81.12302,32.81907,0.3,0.3,"BD+32  970",243202
40,81.40888,6.58818,0.3,0.3,"BD+06  921",243588
41,82.29562,23.69442,0.6,0.3,"BD+23  921",244068
42,82.82669,-5.70376,2.8,2.8,"BD-05 1281",36412
43,83.03084,6.04701,1.1,0.6,"BD+05  951",36471
44,83.06178,-4.51839,4.3,,"BD-04 1162",36540
45,84.17007,31.85451,0.3,0.3,"BD+31 1022",245259
46,84.10597,-6.71602,0.9,0.9,"BD-06 1253",
47,84.81178,23.32336,2.3,5.1,"BD+23  982",37387
48,84.52715,-0.1843,14.0,,"BD-00 1034",37370
49,84.79644,4.12147,21.0,4.8,"BD+04 1002",37490
50,85.05641,-1.46257,3.1,2.3,"BD-01 1001",37674
51,85.23488,-1.50718,5.1,4.0,"BD-01 1005",37776
52,85.40995,-2.25902,4.3,2.8,"BD-02 1345",37903
53,85.35794,-10.31167,0.9,0.3,"BD-10 1261",
54,85.45,-6.25,0.6,0.6,"BD-06 1287",
55,85.58876,-8.13338,0.9,0.3,"BD-08 1199",38023
56,85.93064,16.3585,0.6,0.3,"BD+16  852",38065
57,85.7524,-2.31261,2.6,1.7,"BD-02 1350",38087
58,86.11154,-8.71054,0.3,0.6,"BD-08 1208",
59,86.68607,0.08966,6.8,6.8,"BD+00 1177",38563
60,86.78297,0.29895,4.3,4.0,"BD+00 1181",290861
61,88.15473,5.1646,0.6,,"BD+05 1035",39398
62,88.51246,1.67273,1.4,1.4,"BD+01 1156",288313
63,89.07291,1.86472,0.3,0.3,"BD+01 1163",288309
64,89.47536,-14.06113,0.6,0.3,"BD-14 1294",
65,91.125,30.51667,2.3,1.4,"BD+30 1096",
66,90.7723,-9.71654,0.9,,"BD-09 1310",
67,91.88267,-6.39935,1.1,1.1,"BD-06 1415",
68,92.01603,-6.22708,3.4,2.8,"BD-06 1417",42004
69,92.02159,-6.36126,3.1,1.4,"BD-06 1418",
70,92.1095,-5.33958,6.0,4.0,"BD-05 1515",42050
71,92.50692,14.07517,1.7,,"BD+14 1171",252680
72,92.38022,-6.32578,2.3,1.7,"BD-06 1431",42261
73,92.77562,-6.21077,1.4,1.1,"BD-06 1440",
74,92.95332,-6.15771,0.6,0.6,"BD-06 1444",
75,94.84385,23.27451,3.4,1.7,"BD+23 1301",43836
76,97.69607,10.0629,,,"BD+10 1158",258686
77,97.74131,9.8096,0.9,,"BD+09 1266",258749
78,97.81194,9.79028,2.8,,"BD+09 1269",258853
79,97.93049,10.33915,2.6,,"BD+10 1163",258973
80,97.70755,-9.65411,5.7,2.3,"BD-09 1498",46060
81,98.22595,7.33297,18.0,4.3,"BD+07 1337",46300
82,98.27163,10.32222,3.1,1.7,"BD+10 1172",259431
83,99.925,-27.25,0.3,,"CD-27 3174",
84,100.01985,-27.39824,1.4,,"CP-27 1408",
85,101.71515,1.31582,1.1,1.1,"BD+01 1503",289120
86,104.28304,-10.27987,2.0,2.0,"BD-10 1773",51479
87,105.11921,-8.86602,1.4,1.4,"BD-08 1664",52329
88,105.45629,-11.30092,7.1,6.2,"BD-11 1747",52721
89,105.66101,-12.23377,1.1,,"BD-12 1748",
90,105.67756,-11.45321,4.0,4.0,"BD-11 1755",52942
91,105.85232,-10.70454,0.9,0.3,"BD-10 1839",
92,105.97858,-11.57613,2.0,,"BD-11 1763",
93,106.10633,-10.45434,10.0,8.5,"BD-10 1848",53367
94,106.31978,-12.32625,5.6,5.6,"BD-12 1771",53623
95,106.66986,-11.29401,2.8,2.5,"BD-11 1790",53974
96,109.90622,-24.02437,2.8,0.3,"CD-23 5277",57281
97,113.125,-16.9,1.1,0.6,"BD-16 2003",
98,114.13259,-25.33278,8.0,,"CD-25 4775",61071
99,239.71297,-26.11411,100.0,43.0,"CD-2511228",143018
100,242.9989,-19.4607,5.7,,"BD-19 4333",145502
101,244.78217,-20.21807,4.3,5.7,"BD-19 4357",146834
102,245.01658,-20.04487,7.1,2.8,"BD-19 4358",147009
103,245.12611,-20.11772,4.5,,"BD-19 4361",147103
104,245.29715,-25.59279,28.0,,"CD-2511485",147165
105,246.35132,-24.46571,14.0,4.3,"CD-2412684",147889
106,246.39632,-23.44717,31.0,16.0,"CD-2312861",147933
107,247.35192,-26.432,41.0,117.0,"CD-2611359",148478
108,247.55198,-25.11522,14.0,4.8,"CD-2412695",148605
109,250.39326,-17.74217,18.0,13.0,"BD-17 4618",150416
110,259.02706,-21.03286,0.6,0.3,"BD-20 4696",
111,259.71995,6.08545,6.2,4.0,"BD+06 3386",156697
112,268.38026,-5.6194,0.6,0.6,"BD-05 4524",
113,272.16078,-21.44956,8.5,,"BD-21 4866",165784
114,272.125,-18.38333,0.6,,"BD-18 4800",165811
115,272.28499,-23.43535,0.9,0.3,"CD-2313974",165872
116,272.66183,-17.73393,0.3,,"BD-17 5049",166288
117,273.65826,-17.36294,1.1,,"BD-17 5080",167143
118,274.2186,-19.77781,2.6,0.9,"BD-19 4940",167638
119,274.27431,-19.86466,2.8,1.4,"BD-19 4946",313095
120,274.31986,-16.92863,0.6,0.6,"BD-16 4790",167746
121,275.0664,-17.00418,0.3,0.3,"BD-17 5141",168418
122,276.13958,-13.65355,0.6,0.6,"BD-13 4965",
123,277.60365,1.22323,1.7,1.1,"BD+01 3694",170634
124,277.85706,-10.79584,18.0,3.1,"BD-10 4713",170740
125,291.50366,15.55685,0.6,,"BD+15 3811",182830
126,291.54715,22.75729,4.0,,"BD+22 3693",182918
127,296.84694,18.53431,28.0,33.0,"BD+18 4240",187076
128,301.15073,32.2186,4.0,3.7,"BD+31 3925",190603
129,302.82619,-0.82146,48.0,48.0,"BD-01 3911",191692
130,304.42581,39.34955,0.3,0.6,"BD+38 3993",228789
131,306.06548,42.30038,2.8,,"BD+41 3731",
132,306.1943,42.3848,2.8,,"BD+41 3737",
133,307.74679,36.93584,5.7,5.7,"BD+36 4105",195593
134,307.51475,48.95157,11.0,11.0,"BD+48 3142",195556
135,309.18994,32.45461,0.9,1.4,"BD+31 4152",
136,309.57155,42.07368,2.0,4.3,"BD+41 3836",196819
137,313.95752,47.41766,6.8,4.8,"BD+46 3111",199478
138,314.3191,48.29577,3.7,,"BD+47 3237",199714
139,315.40384,68.16327,8.5,5.7,"BD+67 1283",200775
140,319.32829,58.61148,10.0,3.1,"BD+57 2309",203025
141,319.1097,68.26015,1.7,4.2,"BD+67 1300",
142,324.17099,57.50229,0.6,0.3,"BD+56 2604",239710
143,324.23773,68.18536,4.8,0.9,"BD+67 1332",206135
144,325.18045,54.87216,1.7,1.4,"BD+54 2595",206509
145,325.90486,48.88376,4.3,4.3,"BD+48 3485",206887
146,325.70908,66.10977,4.5,1.4,"BD+65 1637",
147,328.14208,47.22878,0.9,0.6,"BD+46 3471",
148,331.82082,56.23402,1.7,0.6,"BD+55 2682",239856
149,332.28536,72.88472,2.6,,"BD+72 1018",
150,332.41719,73.3909,5.7,4.3,"BD+72 1020",210806
151,333.4697,39.71492,5.4,5.4,"BD+38 4711",211073
152,333.3522,70.25141,6.8,2.8,"BD+69 1231",
153,335.80109,62.69997,1.4,,"BD+61 2292",
154,337.80657,65.46624,5.1,,"BD+64 1677",
155,343.31502,62.14583,3.1,1.7,"BD+61 2361",216629
156,345.48027,42.32598,94.0,94.0,"BD+41 4664",217675
157,345.56555,72.7304,2.3,0.6,"BD+71 1181",217903
158,354.46499,48.49657,1.7,0.6,"BD+47 4220",222142
